episode,total_steps,cumulative_key_pickups,cumulative_door_opens,cumulative_door_crosses,cumulative_ball_pickups,cumulative_goal_reaches
1,1,0,0,0,0,0
1,3,0,0,0,0,0
1,6,0,0,0,0,0
1,10,0,0,0,0,0
1,15,0,0,0,0,0
1,21,0,0,0,0,0
1,28,0,0,0,0,0
1,36,0,0,0,0,0
1,45,0,0,0,0,0
1,55,0,0,0,0,0
1,66,0,0,0,0,0
1,78,0,0,0,0,0
1,91,0,0,0,0,0
1,105,0,0,0,0,0
1,120,0,0,0,0,0
1,136,0,0,0,0,0
1,153,0,0,0,0,0
1,171,0,0,0,0,0
1,190,0,0,0,0,0
1,210,0,0,0,0,0
1,231,0,0,0,0,0
1,253,0,0,0,0,0
1,276,0,0,0,0,0
1,300,0,0,0,0,0
1,325,0,0,0,0,0
1,351,0,0,0,0,0
1,378,0,0,0,0,0
1,406,0,0,0,0,0
1,435,0,0,0,0,0
1,465,0,0,0,0,0
1,496,0,0,0,0,0
1,528,0,0,0,0,0
1,561,0,0,0,0,0
1,595,0,0,0,0,0
1,630,0,0,0,0,0
1,666,0,0,0,0,0
1,703,0,0,0,0,0
1,741,0,0,0,0,0
1,780,0,0,0,0,0
1,820,0,0,0,0,0
1,861,0,0,0,0,0
1,903,0,0,0,0,0
1,946,0,0,0,0,0
1,990,0,0,0,0,0
1,1035,0,0,0,0,0
1,1081,0,0,0,0,0
1,1128,0,0,0,0,0
1,1176,0,0,0,0,0
1,1225,0,0,0,0,0
1,1275,0,0,0,0,0
1,1326,0,0,0,0,0
1,1378,0,0,0,0,0
1,1431,0,0,0,0,0
1,1485,0,0,0,0,0
1,1540,0,0,0,0,0
1,1596,0,0,0,0,0
1,1653,0,0,0,0,0
1,1711,0,0,0,0,0
1,1770,0,0,0,0,0
1,1830,0,0,0,0,0
1,1891,0,0,0,0,0
1,1953,0,0,0,0,0
1,2016,0,0,0,0,0
1,2080,0,0,0,0,0
1,2145,0,0,0,0,0
1,2211,0,0,0,0,0
1,2278,0,0,0,0,0
1,2346,0,0,0,0,0
1,2415,0,0,0,0,0
1,2485,0,0,0,0,0
1,2556,0,0,0,0,0
1,2628,0,0,0,0,0
1,2701,0,0,0,0,0
1,2775,0,0,0,0,0
1,2850,0,0,0,0,0
1,2926,0,0,0,0,0
1,3003,0,0,0,0,0
1,3081,0,0,0,0,0
1,3160,0,0,0,0,0
1,3240,0,0,0,0,0
1,3321,0,0,0,0,0
1,3403,0,0,0,0,0
1,3486,0,0,0,0,0
1,3570,0,0,0,0,0
1,3655,0,0,0,0,0
1,3741,0,0,0,0,0
1,3828,0,0,0,0,0
1,3916,0,0,0,0,0
1,4005,0,0,0,0,0
1,4095,0,0,0,0,0
1,4186,0,0,0,0,0
1,4278,0,0,0,0,0
1,4371,0,0,0,0,0
1,4465,0,0,0,0,0
1,4560,0,0,0,0,0
1,4656,0,0,0,0,0
1,4753,0,0,0,0,0
1,4851,0,0,0,0,0
1,4950,0,0,0,0,0
1,5050,0,0,0,0,0
2,5051,0,0,0,0,0
2,5053,0,0,0,0,0
2,5056,0,0,0,0,0
2,5060,0,0,0,0,0
2,5065,0,0,0,0,0
2,5071,0,0,0,0,0
2,5078,0,0,0,0,0
2,5086,0,0,0,0,0
2,5095,0,0,0,0,0
2,5105,0,0,0,0,0
2,5116,0,0,0,0,0
2,5128,0,0,0,0,0
2,5141,0,0,0,0,0
2,5155,0,0,0,0,0
2,5170,0,0,0,0,0
2,5186,0,0,0,0,0
2,5203,0,0,0,0,0
2,5221,0,0,0,0,0
2,5240,0,0,0,0,0
2,5260,0,0,0,0,0
2,5281,0,0,0,0,0
2,5303,0,0,0,0,0
2,5326,0,0,0,0,0
2,5350,0,0,0,0,0
2,5375,0,0,0,0,0
2,5401,0,0,0,0,0
2,5428,0,0,0,0,0
2,5456,0,0,0,0,0
2,5485,0,0,0,0,0
2,5515,0,0,0,0,0
2,5546,0,0,0,0,0
2,5578,0,0,0,0,0
2,5611,0,0,0,0,0
2,5645,0,0,0,0,0
2,5680,0,0,0,0,0
2,5716,0,0,0,0,0
2,5753,0,0,0,0,0
2,5791,0,0,0,0,0
2,5830,0,0,0,0,0
2,5870,0,0,0,0,0
2,5911,0,0,0,0,0
2,5953,0,0,0,0,0
2,5996,0,0,0,0,0
2,6040,0,0,0,0,0
2,6085,0,0,0,0,0
2,6131,0,0,0,0,0
2,6178,0,0,0,0,0
2,6226,0,0,0,0,0
2,6275,0,0,0,0,0
2,6325,0,0,0,0,0
2,6376,0,0,0,0,0
2,6428,0,0,0,0,0
2,6481,0,0,0,0,0
2,6535,0,0,0,0,0
2,6590,0,0,0,0,0
2,6646,0,0,0,0,0
2,6703,0,0,0,0,0
2,6761,0,0,0,0,0
2,6820,0,0,0,0,0
2,6880,0,0,0,0,0
2,6941,0,0,0,0,0
2,7003,0,0,0,0,0
2,7066,0,0,0,0,0
2,7130,0,0,0,0,0
2,7195,0,0,0,0,0
2,7261,0,0,0,0,0
2,7328,0,0,0,0,0
2,7396,0,0,0,0,0
2,7465,0,0,0,0,0
2,7535,0,0,0,0,0
2,7606,0,0,0,0,0
2,7678,0,0,0,0,0
2,7751,0,0,0,0,0
2,7825,0,0,0,0,0
2,7900,0,0,0,0,0
2,7976,0,0,0,0,0
2,8053,0,0,0,0,0
2,8131,0,0,0,0,0
2,8210,0,0,0,0,0
2,8290,0,0,0,0,0
2,8371,0,0,0,0,0
2,8453,0,0,0,0,0
2,8536,0,0,0,0,0
2,8620,0,0,0,0,0
2,8705,0,0,0,0,0
2,8791,0,0,0,0,0
2,8878,0,0,0,0,0
2,8966,0,0,0,0,0
2,9055,0,0,0,0,0
2,9145,0,0,0,0,0
2,9236,0,0,0,0,0
2,9328,0,0,0,0,0
2,9421,0,0,0,0,0
2,9515,0,0,0,0,0
2,9610,0,0,0,0,0
2,9706,0,0,0,0,0
2,9803,0,0,0,0,0
2,9901,0,0,0,0,0
2,10000,0,0,0,0,0
2,10100,0,0,0,0,0
3,10101,0,0,0,0,0
3,10103,0,0,0,0,0
3,10106,0,0,0,0,0
3,10110,0,0,0,0,0
3,10115,0,0,0,0,0
3,10121,0,0,0,0,0
3,10128,0,0,0,0,0
3,10136,0,0,0,0,0
3,10145,0,0,0,0,0
3,10155,0,0,0,0,0
3,10166,0,0,0,0,0
3,10178,0,0,0,0,0
3,10191,0,0,0,0,0
3,10205,0,0,0,0,0
3,10220,0,0,0,0,0
3,10236,0,0,0,0,0
3,10253,0,0,0,0,0
3,10271,0,0,0,0,0
3,10290,0,0,0,0,0
3,10310,0,0,0,0,0
3,10331,0,0,0,0,0
3,10353,0,0,0,0,0
3,10376,0,0,0,0,0
3,10400,0,0,0,0,0
3,10425,0,0,0,0,0
3,10451,0,0,0,0,0
3,10478,0,0,0,0,0
3,10506,0,0,0,0,0
3,10535,0,0,0,0,0
3,10565,0,0,0,0,0
3,10596,0,0,0,0,0
3,10628,0,0,0,0,0
3,10661,0,0,0,0,0
3,10695,0,0,0,0,0
3,10730,0,0,0,0,0
3,10766,0,0,0,0,0
3,10803,0,0,0,0,0
3,10841,0,0,0,0,0
3,10880,0,0,0,0,0
3,10920,0,0,0,0,0
3,10961,0,0,0,0,0
3,11003,0,0,0,0,0
3,11046,0,0,0,0,0
3,11090,0,0,0,0,0
3,11135,0,0,0,0,0
3,11181,0,0,0,0,0
3,11228,0,0,0,0,0
3,11276,0,0,0,0,0
3,11325,0,0,0,0,0
3,11375,0,0,0,0,0
3,11426,0,0,0,0,0
3,11478,0,0,0,0,0
3,11531,0,0,0,0,0
3,11585,0,0,0,0,0
3,11640,0,0,0,0,0
3,11696,0,0,0,0,0
3,11753,0,0,0,0,0
3,11811,0,0,0,0,0
3,11870,0,0,0,0,0
3,11930,0,0,0,0,0
3,11991,0,0,0,0,0
3,12053,0,0,0,0,0
3,12116,0,0,0,0,0
3,12180,0,0,0,0,0
3,12245,0,0,0,0,0
3,12311,0,0,0,0,0
3,12378,0,0,0,0,0
3,12446,0,0,0,0,0
3,12515,0,0,0,0,0
3,12585,0,0,0,0,0
3,12656,0,0,0,0,0
3,12728,0,0,0,0,0
3,12801,0,0,0,0,0
3,12875,0,0,0,0,0
3,12950,0,0,0,0,0
3,13026,0,0,0,0,0
3,13103,0,0,0,0,0
3,13181,0,0,0,0,0
3,13260,0,0,0,0,0
3,13340,0,0,0,0,0
3,13421,0,0,0,0,0
3,13503,0,0,0,0,0
3,13586,0,0,0,0,0
3,13670,0,0,0,0,0
3,13755,0,0,0,0,0
3,13841,0,0,0,0,0
3,13928,0,0,0,0,0
3,14016,0,0,0,0,0
3,14105,0,0,0,0,0
3,14195,0,0,0,0,0
3,14286,0,0,0,0,0
3,14378,0,0,0,0,0
3,14471,0,0,0,0,0
3,14565,0,0,0,0,0
3,14660,0,0,0,0,0
3,14756,0,0,0,0,0
3,14853,0,0,0,0,0
3,14951,0,0,0,0,0
3,15050,0,0,0,0,0
3,15150,0,0,0,0,0
4,15151,0,0,0,0,0
4,15153,0,0,0,0,0
4,15156,0,0,0,0,0
4,15160,0,0,0,0,0
4,15165,0,0,0,0,0
4,15171,0,0,0,0,0
4,15178,0,0,0,0,0
4,15186,0,0,0,0,0
4,15195,0,0,0,0,0
4,15205,0,0,0,0,0
4,15216,0,0,0,0,0
4,15228,0,0,0,0,0
4,15241,0,0,0,0,0
4,15255,0,0,0,0,0
4,15270,0,0,0,0,0
4,15286,0,0,0,0,0
4,15303,0,0,0,0,0
4,15321,0,0,0,0,0
4,15340,0,0,0,0,0
4,15360,0,0,0,0,0
4,15381,0,0,0,0,0
4,15403,0,0,0,0,0
4,15426,0,0,0,0,0
4,15450,0,0,0,0,0
4,15475,0,0,0,0,0
4,15501,0,0,0,0,0
4,15528,0,0,0,0,0
4,15556,0,0,0,0,0
4,15585,0,0,0,0,0
4,15615,0,0,0,0,0
4,15646,0,0,0,0,0
4,15678,0,0,0,0,0
4,15711,0,0,0,0,0
4,15745,0,0,0,0,0
4,15780,0,0,0,0,0
4,15816,0,0,0,0,0
4,15853,0,0,0,0,0
4,15891,0,0,0,0,0
4,15930,0,0,0,0,0
4,15970,0,0,0,0,0
4,16011,0,0,0,0,0
4,16053,0,0,0,0,0
4,16096,0,0,0,0,0
4,16140,0,0,0,0,0
4,16185,0,0,0,0,0
4,16231,0,0,0,0,0
4,16278,0,0,0,0,0
4,16326,0,0,0,0,0
4,16375,0,0,0,0,0
4,16425,0,0,0,0,0
4,16476,0,0,0,0,0
4,16528,0,0,0,0,0
4,16581,0,0,0,0,0
4,16635,0,0,0,0,0
4,16690,0,0,0,0,0
4,16746,0,0,0,0,0
4,16803,0,0,0,0,0
4,16861,0,0,0,0,0
4,16920,0,0,0,0,0
4,16980,0,0,0,0,0
4,17041,0,0,0,0,0
4,17103,0,0,0,0,0
4,17166,0,0,0,0,0
4,17230,0,0,0,0,0
4,17295,0,0,0,0,0
4,17361,0,0,0,0,0
4,17428,0,0,0,0,0
4,17496,0,0,0,0,0
4,17565,0,0,0,0,0
4,17635,0,0,0,0,0
4,17706,0,0,0,0,0
4,17778,0,0,0,0,0
4,17851,0,0,0,0,0
4,17925,0,0,0,0,0
4,18000,0,0,0,0,0
4,18076,0,0,0,0,0
4,18153,0,0,0,0,0
4,18231,0,0,0,0,0
4,18310,0,0,0,0,0
4,18390,0,0,0,0,0
4,18471,0,0,0,0,0
4,18553,0,0,0,0,0
4,18636,0,0,0,0,0
4,18720,0,0,0,0,0
4,18805,0,0,0,0,0
4,18891,0,0,0,0,0
4,18978,0,0,0,0,0
4,19066,0,0,0,0,0
4,19155,0,0,0,0,0
4,19245,0,0,0,0,0
4,19336,0,0,0,0,0
4,19428,0,0,0,0,0
4,19521,0,0,0,0,0
4,19615,0,0,0,0,0
4,19710,0,0,0,0,0
4,19806,0,0,0,0,0
4,19903,0,0,0,0,0
4,20001,0,0,0,0,0
4,20100,0,0,0,0,0
4,20200,0,0,0,0,0
5,20201,0,0,0,0,0
5,20203,0,0,0,0,0
5,20206,0,0,0,0,0
5,20210,0,0,0,0,0
5,20215,0,0,0,0,0
5,20221,0,0,0,0,0
5,20228,0,0,0,0,0
5,20236,0,0,0,0,0
5,20245,0,0,0,0,0
5,20255,0,0,0,0,0
5,20266,0,0,0,0,0
5,20278,0,0,0,0,0
5,20291,0,0,0,0,0
5,20305,0,0,0,0,0
5,20320,0,0,0,0,0
5,20336,0,0,0,0,0
5,20353,0,0,0,0,0
5,20371,0,0,0,0,0
5,20390,0,0,0,0,0
5,20410,0,0,0,0,0
5,20431,0,0,0,0,0
5,20453,0,0,0,0,0
5,20476,0,0,0,0,0
5,20500,0,0,0,0,0
5,20525,0,0,0,0,0
5,20551,0,0,0,0,0
5,20578,0,0,0,0,0
5,20606,0,0,0,0,0
5,20635,0,0,0,0,0
5,20665,0,0,0,0,0
5,20696,0,0,0,0,0
5,20728,0,0,0,0,0
5,20761,0,0,0,0,0
5,20795,0,0,0,0,0
5,20830,0,0,0,0,0
5,20866,0,0,0,0,0
5,20903,0,0,0,0,0
5,20941,0,0,0,0,0
5,20980,0,0,0,0,0
5,21020,0,0,0,0,0
5,21061,0,0,0,0,0
5,21103,0,0,0,0,0
5,21146,0,0,0,0,0
5,21190,0,0,0,0,0
5,21235,0,0,0,0,0
5,21281,0,0,0,0,0
5,21328,0,0,0,0,0
5,21376,0,0,0,0,0
5,21425,0,0,0,0,0
5,21475,0,0,0,0,0
5,21526,0,0,0,0,0
5,21578,0,0,0,0,0
5,21631,0,0,0,0,0
5,21685,0,0,0,0,0
5,21740,0,0,0,0,0
5,21796,0,0,0,0,0
5,21853,0,0,0,0,0
5,21911,0,0,0,0,0
5,21970,0,0,0,0,0
5,22030,0,0,0,0,0
5,22091,0,0,0,0,0
5,22153,0,0,0,0,0
5,22216,0,0,0,0,0
5,22280,0,0,0,0,0
5,22345,0,0,0,0,0
5,22411,0,0,0,0,0
5,22478,0,0,0,0,0
5,22546,0,0,0,0,0
5,22615,0,0,0,0,0
5,22685,0,0,0,0,0
5,22756,0,0,0,0,0
5,22828,0,0,0,0,0
5,22901,0,0,0,0,0
5,22975,0,0,0,0,0
5,23050,0,0,0,0,0
5,23126,0,0,0,0,0
5,23203,0,0,0,0,0
5,23281,0,0,0,0,0
5,23360,0,0,0,0,0
5,23440,0,0,0,0,0
5,23521,0,0,0,0,0
5,23603,0,0,0,0,0
5,23686,0,0,0,0,0
5,23770,0,0,0,0,0
5,23855,0,0,0,0,0
5,23941,0,0,0,0,0
5,24028,0,0,0,0,0
5,24116,0,0,0,0,0
5,24205,0,0,0,0,0
5,24295,0,0,0,0,0
5,24386,0,0,0,0,0
5,24478,0,0,0,0,0
5,24571,0,0,0,0,0
5,24665,0,0,0,0,0
5,24760,0,0,0,0,0
5,24856,0,0,0,0,0
5,24953,0,0,0,0,0
5,25051,0,0,0,0,0
5,25150,0,0,0,0,0
5,25250,0,0,0,0,0
6,25251,0,0,0,0,0
6,25253,0,0,0,0,0
6,25256,0,0,0,0,0
6,25260,0,0,0,0,0
6,25265,0,0,0,0,0
6,25271,0,0,0,0,0
6,25278,0,0,0,0,0
6,25286,0,0,0,0,0
6,25295,0,0,0,0,0
6,25305,0,0,0,0,0
6,25316,0,0,0,0,0
6,25328,0,0,0,0,0
6,25341,0,0,0,0,0
6,25355,0,0,0,0,0
6,25370,0,0,0,0,0
6,25386,0,0,0,0,0
6,25403,0,0,0,0,0
6,25421,0,0,0,0,0
6,25440,0,0,0,0,0
6,25460,0,0,0,0,0
6,25481,0,0,0,0,0
6,25503,0,0,0,0,0
6,25526,0,0,0,0,0
6,25550,0,0,0,0,0
6,25575,0,0,0,0,0
6,25601,0,0,0,0,0
6,25628,0,0,0,0,0
6,25656,0,0,0,0,0
6,25685,0,0,0,0,0
6,25715,0,0,0,0,0
6,25746,0,0,0,0,0
6,25778,0,0,0,0,0
6,25811,0,0,0,0,0
6,25845,0,0,0,0,0
6,25880,0,0,0,0,0
6,25916,0,0,0,0,0
6,25953,0,0,0,0,0
6,25991,0,0,0,0,0
6,26030,0,0,0,0,0
6,26070,0,0,0,0,0
6,26111,0,0,0,0,0
6,26153,0,0,0,0,0
6,26196,0,0,0,0,0
6,26240,0,0,0,0,0
6,26285,0,0,0,0,0
6,26331,0,0,0,0,0
6,26378,0,0,0,0,0
6,26426,0,0,0,0,0
6,26475,0,0,0,0,0
6,26525,0,0,0,0,0
6,26576,0,0,0,0,0
6,26628,0,0,0,0,0
6,26681,0,0,0,0,0
6,26735,0,0,0,0,0
6,26790,0,0,0,0,0
6,26846,0,0,0,0,0
6,26903,0,0,0,0,0
6,26961,0,0,0,0,0
6,27020,0,0,0,0,0
6,27080,0,0,0,0,0
6,27141,0,0,0,0,0
6,27203,0,0,0,0,0
6,27266,0,0,0,0,0
6,27330,0,0,0,0,0
6,27395,0,0,0,0,0
6,27461,0,0,0,0,0
6,27528,0,0,0,0,0
6,27596,0,0,0,0,0
6,27665,0,0,0,0,0
6,27735,0,0,0,0,0
6,27806,0,0,0,0,0
6,27878,0,0,0,0,0
6,27951,0,0,0,0,0
6,28025,0,0,0,0,0
6,28100,0,0,0,0,0
6,28176,0,0,0,0,0
6,28253,0,0,0,0,0
6,28331,0,0,0,0,0
6,28410,0,0,0,0,0
6,28490,0,0,0,0,0
6,28571,0,0,0,0,0
6,28653,0,0,0,0,0
6,28736,0,0,0,0,0
6,28820,0,0,0,0,0
6,28905,0,0,0,0,0
6,28991,0,0,0,0,0
6,29078,0,0,0,0,0
6,29166,0,0,0,0,0
6,29255,0,0,0,0,0
6,29345,0,0,0,0,0
6,29436,0,0,0,0,0
6,29528,0,0,0,0,0
6,29621,0,0,0,0,0
6,29715,0,0,0,0,0
6,29810,0,0,0,0,0
6,29906,0,0,0,0,0
6,30003,0,0,0,0,0
6,30101,0,0,0,0,0
6,30200,0,0,0,0,0
6,30300,0,0,0,0,0
7,30301,0,0,0,0,0
7,30303,0,0,0,0,0
7,30306,0,0,0,0,0
7,30310,0,0,0,0,0
7,30315,0,0,0,0,0
7,30321,0,0,0,0,0
7,30328,0,0,0,0,0
7,30336,0,0,0,0,0
7,30345,0,0,0,0,0
7,30355,0,0,0,0,0
7,30366,0,0,0,0,0
7,30378,0,0,0,0,0
7,30391,0,0,0,0,0
7,30405,0,0,0,0,0
7,30420,0,0,0,0,0
7,30436,0,0,0,0,0
7,30453,0,0,0,0,0
7,30471,0,0,0,0,0
7,30490,0,0,0,0,0
7,30510,0,0,0,0,0
7,30531,0,0,0,0,0
7,30553,0,0,0,0,0
7,30576,0,0,0,0,0
7,30600,0,0,0,0,0
7,30625,0,0,0,0,0
7,30651,0,0,0,0,0
7,30678,0,0,0,0,0
7,30706,0,0,0,0,0
7,30735,0,0,0,0,0
7,30765,0,0,0,0,0
7,30796,0,0,0,0,0
7,30828,0,0,0,0,0
7,30861,0,0,0,0,0
7,30895,0,0,0,0,0
7,30930,0,0,0,0,0
7,30966,0,0,0,0,0
7,31003,0,0,0,0,0
7,31041,0,0,0,0,0
7,31080,0,0,0,0,0
7,31120,0,0,0,0,0
7,31161,0,0,0,0,0
7,31203,0,0,0,0,0
7,31246,0,0,0,0,0
7,31290,0,0,0,0,0
7,31335,0,0,0,0,0
7,31381,0,0,0,0,0
7,31428,0,0,0,0,0
7,31476,0,0,0,0,0
7,31525,0,0,0,0,0
7,31575,0,0,0,0,0
7,31626,0,0,0,0,0
7,31678,0,0,0,0,0
7,31731,0,0,0,0,0
7,31785,0,0,0,0,0
7,31840,0,0,0,0,0
7,31896,0,0,0,0,0
7,31953,0,0,0,0,0
7,32011,0,0,0,0,0
7,32070,0,0,0,0,0
7,32130,0,0,0,0,0
7,32191,0,0,0,0,0
7,32253,0,0,0,0,0
7,32316,0,0,0,0,0
7,32380,0,0,0,0,0
7,32445,0,0,0,0,0
7,32511,0,0,0,0,0
7,32578,0,0,0,0,0
7,32646,0,0,0,0,0
7,32715,0,0,0,0,0
7,32785,0,0,0,0,0
7,32856,0,0,0,0,0
7,32928,0,0,0,0,0
7,33001,0,0,0,0,0
7,33075,0,0,0,0,0
7,33150,0,0,0,0,0
7,33226,0,0,0,0,0
7,33303,0,0,0,0,0
7,33381,0,0,0,0,0
7,33460,0,0,0,0,0
7,33540,0,0,0,0,0
7,33621,0,0,0,0,0
7,33703,0,0,0,0,0
7,33786,0,0,0,0,0
7,33870,0,0,0,0,0
7,33955,0,0,0,0,0
7,34041,0,0,0,0,0
7,34128,0,0,0,0,0
7,34216,0,0,0,0,0
7,34305,0,0,0,0,0
7,34395,0,0,0,0,0
7,34486,0,0,0,0,0
7,34578,0,0,0,0,0
7,34671,0,0,0,0,0
7,34765,0,0,0,0,0
7,34860,0,0,0,0,0
7,34956,0,0,0,0,0
7,35053,0,0,0,0,0
7,35151,0,0,0,0,0
7,35250,0,0,0,0,0
7,35350,0,0,0,0,0
8,35351,0,0,0,0,0
8,35353,0,0,0,0,0
8,35356,0,0,0,0,0
8,35360,0,0,0,0,0
8,35365,0,0,0,0,0
8,35371,0,0,0,0,0
8,35378,0,0,0,0,0
8,35386,0,0,0,0,0
8,35395,0,0,0,0,0
8,35405,0,0,0,0,0
8,35416,0,0,0,0,0
8,35428,0,0,0,0,0
8,35441,0,0,0,0,0
8,35455,0,0,0,0,0
8,35470,0,0,0,0,0
8,35486,0,0,0,0,0
8,35503,0,0,0,0,0
8,35521,0,0,0,0,0
8,35540,0,0,0,0,0
8,35560,0,0,0,0,0
8,35581,0,0,0,0,0
8,35603,0,0,0,0,0
8,35626,0,0,0,0,0
8,35650,0,0,0,0,0
8,35675,0,0,0,0,0
8,35701,0,0,0,0,0
8,35728,0,0,0,0,0
8,35756,0,0,0,0,0
8,35785,0,0,0,0,0
8,35815,0,0,0,0,0
8,35846,0,0,0,0,0
8,35878,0,0,0,0,0
8,35911,0,0,0,0,0
8,35945,0,0,0,0,0
8,35980,0,0,0,0,0
8,36016,0,0,0,0,0
8,36053,0,0,0,0,0
8,36091,0,0,0,0,0
8,36130,0,0,0,0,0
8,36170,0,0,0,0,0
8,36211,0,0,0,0,0
8,36253,0,0,0,0,0
8,36296,0,0,0,0,0
8,36340,0,0,0,0,0
8,36385,0,0,0,0,0
8,36431,0,0,0,0,0
8,36478,0,0,0,0,0
8,36526,0,0,0,0,0
8,36575,0,0,0,0,0
8,36625,0,0,0,0,0
8,36676,0,0,0,0,0
8,36728,0,0,0,0,0
8,36781,0,0,0,0,0
8,36835,0,0,0,0,0
8,36890,0,0,0,0,0
8,36946,0,0,0,0,0
8,37003,0,0,0,0,0
8,37061,0,0,0,0,0
8,37120,0,0,0,0,0
8,37180,0,0,0,0,0
8,37241,0,0,0,0,0
8,37303,0,0,0,0,0
8,37366,0,0,0,0,0
8,37430,0,0,0,0,0
8,37495,0,0,0,0,0
8,37561,0,0,0,0,0
8,37628,0,0,0,0,0
8,37696,0,0,0,0,0
8,37765,0,0,0,0,0
8,37835,0,0,0,0,0
8,37906,0,0,0,0,0
8,37978,0,0,0,0,0
8,38051,0,0,0,0,0
8,38125,0,0,0,0,0
8,38200,0,0,0,0,0
8,38276,0,0,0,0,0
8,38353,0,0,0,0,0
8,38431,0,0,0,0,0
8,38510,0,0,0,0,0
8,38590,0,0,0,0,0
8,38671,0,0,0,0,0
8,38753,0,0,0,0,0
8,38836,0,0,0,0,0
8,38920,0,0,0,0,0
8,39005,0,0,0,0,0
8,39091,0,0,0,0,0
8,39178,0,0,0,0,0
8,39266,0,0,0,0,0
8,39355,0,0,0,0,0
8,39445,0,0,0,0,0
8,39536,0,0,0,0,0
8,39628,0,0,0,0,0
8,39721,0,0,0,0,0
8,39815,0,0,0,0,0
8,39910,0,0,0,0,0
8,40006,0,0,0,0,0
8,40103,0,0,0,0,0
8,40201,0,0,0,0,0
8,40300,0,0,0,0,0
8,40400,0,0,0,0,0
9,40401,0,0,0,0,0
9,40403,0,0,0,0,0
9,40406,0,0,0,0,0
9,40410,0,0,0,0,0
9,40415,0,0,0,0,0
9,40421,0,0,0,0,0
9,40428,0,0,0,0,0
9,40436,0,0,0,0,0
9,40445,0,0,0,0,0
9,40455,0,0,0,0,0
9,40466,0,0,0,0,0
9,40478,0,0,0,0,0
9,40491,0,0,0,0,0
9,40505,0,0,0,0,0
9,40520,0,0,0,0,0
9,40536,0,0,0,0,0
9,40553,0,0,0,0,0
9,40571,0,0,0,0,0
9,40590,0,0,0,0,0
9,40610,0,0,0,0,0
9,40631,0,0,0,0,0
9,40653,0,0,0,0,0
9,40676,0,0,0,0,0
9,40700,0,0,0,0,0
9,40725,0,0,0,0,0
9,40751,0,0,0,0,0
9,40778,0,0,0,0,0
9,40806,0,0,0,0,0
9,40835,0,0,0,0,0
9,40865,0,0,0,0,0
9,40896,0,0,0,0,0
9,40928,0,0,0,0,0
9,40961,0,0,0,0,0
9,40995,0,0,0,0,0
9,41030,0,0,0,0,0
9,41066,0,0,0,0,0
9,41103,0,0,0,0,0
9,41141,0,0,0,0,0
9,41180,0,0,0,0,0
9,41220,0,0,0,0,0
9,41261,0,0,0,0,0
9,41303,0,0,0,0,0
9,41346,0,0,0,0,0
9,41390,0,0,0,0,0
9,41435,0,0,0,0,0
9,41481,0,0,0,0,0
9,41528,0,0,0,0,0
9,41576,0,0,0,0,0
9,41625,0,0,0,0,0
9,41675,0,0,0,0,0
9,41726,0,0,0,0,0
9,41778,0,0,0,0,0
9,41831,0,0,0,0,0
9,41885,0,0,0,0,0
9,41940,0,0,0,0,0
9,41996,0,0,0,0,0
9,42053,0,0,0,0,0
9,42111,0,0,0,0,0
9,42170,0,0,0,0,0
9,42230,0,0,0,0,0
9,42291,0,0,0,0,0
9,42353,0,0,0,0,0
9,42416,0,0,0,0,0
9,42480,0,0,0,0,0
9,42545,0,0,0,0,0
9,42611,0,0,0,0,0
9,42678,0,0,0,0,0
9,42746,0,0,0,0,0
9,42815,0,0,0,0,0
9,42885,0,0,0,0,0
9,42956,0,0,0,0,0
9,43028,0,0,0,0,0
9,43101,0,0,0,0,0
9,43175,0,0,0,0,0
9,43250,0,0,0,0,0
9,43326,0,0,0,0,0
9,43403,0,0,0,0,0
9,43481,0,0,0,0,0
9,43560,0,0,0,0,0
9,43640,0,0,0,0,0
9,43721,0,0,0,0,0
9,43803,0,0,0,0,0
9,43886,0,0,0,0,0
9,43970,0,0,0,0,0
9,44055,0,0,0,0,0
9,44141,0,0,0,0,0
9,44228,0,0,0,0,0
9,44316,0,0,0,0,0
9,44405,0,0,0,0,0
9,44495,0,0,0,0,0
9,44586,0,0,0,0,0
9,44678,0,0,0,0,0
9,44771,0,0,0,0,0
9,44865,0,0,0,0,0
9,44960,0,0,0,0,0
9,45056,0,0,0,0,0
9,45153,0,0,0,0,0
9,45251,0,0,0,0,0
9,45350,0,0,0,0,0
9,45450,0,0,0,0,0
10,45451,0,0,0,0,0
10,45453,0,0,0,0,0
10,45456,0,0,0,0,0
10,45460,0,0,0,0,0
10,45465,0,0,0,0,0
10,45471,0,0,0,0,0
10,45478,0,0,0,0,0
10,45486,0,0,0,0,0
10,45495,0,0,0,0,0
10,45505,0,0,0,0,0
10,45516,0,0,0,0,0
10,45528,0,0,0,0,0
10,45541,0,0,0,0,0
10,45555,0,0,0,0,0
10,45570,0,0,0,0,0
10,45586,0,0,0,0,0
10,45603,0,0,0,0,0
10,45621,0,0,0,0,0
10,45640,0,0,0,0,0
10,45660,0,0,0,0,0
10,45681,0,0,0,0,0
10,45703,0,0,0,0,0
10,45726,0,0,0,0,0
10,45750,0,0,0,0,0
10,45775,0,0,0,0,0
10,45801,0,0,0,0,0
10,45828,0,0,0,0,0
10,45856,0,0,0,0,0
10,45885,0,0,0,0,0
10,45915,0,0,0,0,0
10,45946,0,0,0,0,0
10,45978,0,0,0,0,0
10,46011,0,0,0,0,0
10,46045,0,0,0,0,0
10,46080,0,0,0,0,0
10,46116,0,0,0,0,0
10,46153,0,0,0,0,0
10,46191,0,0,0,0,0
10,46230,0,0,0,0,0
10,46270,0,0,0,0,0
10,46311,0,0,0,0,0
10,46353,0,0,0,0,0
10,46396,0,0,0,0,0
10,46440,0,0,0,0,0
10,46485,0,0,0,0,0
10,46531,0,0,0,0,0
10,46578,0,0,0,0,0
10,46626,0,0,0,0,0
10,46675,0,0,0,0,0
10,46725,0,0,0,0,0
10,46776,0,0,0,0,0
10,46828,0,0,0,0,0
10,46881,0,0,0,0,0
10,46935,0,0,0,0,0
10,46990,0,0,0,0,0
10,47046,0,0,0,0,0
10,47103,0,0,0,0,0
10,47161,0,0,0,0,0
10,47220,0,0,0,0,0
10,47280,0,0,0,0,0
10,47341,0,0,0,0,0
10,47403,0,0,0,0,0
10,47466,0,0,0,0,0
10,47530,0,0,0,0,0
10,47595,0,0,0,0,0
10,47661,0,0,0,0,0
10,47728,0,0,0,0,0
10,47796,0,0,0,0,0
10,47865,0,0,0,0,0
10,47935,0,0,0,0,0
10,48006,0,0,0,0,0
10,48078,0,0,0,0,0
10,48151,0,0,0,0,0
10,48225,0,0,0,0,0
10,48300,0,0,0,0,0
10,48376,0,0,0,0,0
10,48453,0,0,0,0,0
10,48531,0,0,0,0,0
10,48610,0,0,0,0,0
10,48690,0,0,0,0,0
10,48771,0,0,0,0,0
10,48853,0,0,0,0,0
10,48936,0,0,0,0,0
10,49020,0,0,0,0,0
10,49105,0,0,0,0,0
10,49191,0,0,0,0,0
10,49278,0,0,0,0,0
10,49366,0,0,0,0,0
10,49455,0,0,0,0,0
10,49545,0,0,0,0,0
10,49636,0,0,0,0,0
10,49728,0,0,0,0,0
10,49821,0,0,0,0,0
10,49915,0,0,0,0,0
10,50010,0,0,0,0,0
10,50106,0,0,0,0,0
10,50203,0,0,0,0,0
10,50301,0,0,0,0,0
10,50400,0,0,0,0,0
10,50500,0,0,0,0,0
11,50501,0,0,0,0,0
11,50503,0,0,0,0,0
11,50506,0,0,0,0,0
11,50510,0,0,0,0,0
11,50515,0,0,0,0,0
11,50521,0,0,0,0,0
11,50528,0,0,0,0,0
11,50536,0,0,0,0,0
11,50545,0,0,0,0,0
11,50555,0,0,0,0,0
11,50566,0,0,0,0,0
11,50578,0,0,0,0,0
11,50591,0,0,0,0,0
11,50605,0,0,0,0,0
11,50620,0,0,0,0,0
11,50636,0,0,0,0,0
11,50653,0,0,0,0,0
11,50671,0,0,0,0,0
11,50690,0,0,0,0,0
11,50710,0,0,0,0,0
11,50731,0,0,0,0,0
11,50753,0,0,0,0,0
11,50776,0,0,0,0,0
11,50800,0,0,0,0,0
11,50825,0,0,0,0,0
11,50851,0,0,0,0,0
11,50878,0,0,0,0,0
11,50906,0,0,0,0,0
11,50935,0,0,0,0,0
11,50965,0,0,0,0,0
11,50996,0,0,0,0,0
11,51028,0,0,0,0,0
11,51061,0,0,0,0,0
11,51095,0,0,0,0,0
11,51130,0,0,0,0,0
11,51166,0,0,0,0,0
11,51203,0,0,0,0,0
11,51241,0,0,0,0,0
11,51280,0,0,0,0,0
11,51320,0,0,0,0,0
11,51361,0,0,0,0,0
11,51403,0,0,0,0,0
11,51446,0,0,0,0,0
11,51490,0,0,0,0,0
11,51535,0,0,0,0,0
11,51581,0,0,0,0,0
11,51628,0,0,0,0,0
11,51676,0,0,0,0,0
11,51725,0,0,0,0,0
11,51775,0,0,0,0,0
11,51826,0,0,0,0,0
11,51878,0,0,0,0,0
11,51931,0,0,0,0,0
11,51985,0,0,0,0,0
11,52040,0,0,0,0,0
11,52096,0,0,0,0,0
11,52153,0,0,0,0,0
11,52211,0,0,0,0,0
11,52270,0,0,0,0,0
11,52330,0,0,0,0,0
11,52391,0,0,0,0,0
11,52453,0,0,0,0,0
11,52516,0,0,0,0,0
11,52580,0,0,0,0,0
11,52645,0,0,0,0,0
11,52711,0,0,0,0,0
11,52778,0,0,0,0,0
11,52846,0,0,0,0,0
11,52915,0,0,0,0,0
11,52985,0,0,0,0,0
11,53056,0,0,0,0,0
11,53128,0,0,0,0,0
11,53201,0,0,0,0,0
11,53275,0,0,0,0,0
11,53350,0,0,0,0,0
11,53426,0,0,0,0,0
11,53503,0,0,0,0,0
11,53581,0,0,0,0,0
11,53660,0,0,0,0,0
11,53740,0,0,0,0,0
11,53821,0,0,0,0,0
11,53903,0,0,0,0,0
11,53986,0,0,0,0,0
11,54070,0,0,0,0,0
11,54155,0,0,0,0,0
11,54241,0,0,0,0,0
11,54328,0,0,0,0,0
11,54416,0,0,0,0,0
11,54505,0,0,0,0,0
11,54595,0,0,0,0,0
11,54686,0,0,0,0,0
11,54778,0,0,0,0,0
11,54871,0,0,0,0,0
11,54965,0,0,0,0,0
11,55060,0,0,0,0,0
11,55156,0,0,0,0,0
11,55253,0,0,0,0,0
11,55351,0,0,0,0,0
11,55450,0,0,0,0,0
11,55550,0,0,0,0,0
12,55551,0,0,0,0,0
12,55553,0,0,0,0,0
12,55556,0,0,0,0,0
12,55560,0,0,0,0,0
12,55565,0,0,0,0,0
12,55571,0,0,0,0,0
12,55578,0,0,0,0,0
12,55586,0,0,0,0,0
12,55595,0,0,0,0,0
12,55605,0,0,0,0,0
12,55616,0,0,0,0,0
12,55628,0,0,0,0,0
12,55641,0,0,0,0,0
12,55655,0,0,0,0,0
12,55670,0,0,0,0,0
12,55686,0,0,0,0,0
12,55703,0,0,0,0,0
12,55721,0,0,0,0,0
12,55740,0,0,0,0,0
12,55760,0,0,0,0,0
12,55781,0,0,0,0,0
12,55803,0,0,0,0,0
12,55826,0,0,0,0,0
12,55850,0,0,0,0,0
12,55875,0,0,0,0,0
12,55901,0,0,0,0,0
12,55928,0,0,0,0,0
12,55956,0,0,0,0,0
12,55985,0,0,0,0,0
12,56015,0,0,0,0,0
12,56046,0,0,0,0,0
12,56078,0,0,0,0,0
12,56111,0,0,0,0,0
12,56145,0,0,0,0,0
12,56180,0,0,0,0,0
12,56216,0,0,0,0,0
12,56253,0,0,0,0,0
12,56291,0,0,0,0,0
12,56330,0,0,0,0,0
12,56370,0,0,0,0,0
12,56411,0,0,0,0,0
12,56453,0,0,0,0,0
12,56496,0,0,0,0,0
12,56540,0,0,0,0,0
12,56585,0,0,0,0,0
12,56631,0,0,0,0,0
12,56678,0,0,0,0,0
12,56726,0,0,0,0,0
12,56775,0,0,0,0,0
12,56825,0,0,0,0,0
12,56876,0,0,0,0,0
12,56928,0,0,0,0,0
12,56981,0,0,0,0,0
12,57035,0,0,0,0,0
12,57090,0,0,0,0,0
12,57146,0,0,0,0,0
12,57203,0,0,0,0,0
12,57261,0,0,0,0,0
12,57320,0,0,0,0,0
12,57380,0,0,0,0,0
12,57441,0,0,0,0,0
12,57503,0,0,0,0,0
12,57566,0,0,0,0,0
12,57630,0,0,0,0,0
12,57695,0,0,0,0,0
12,57761,0,0,0,0,0
12,57828,0,0,0,0,0
12,57896,0,0,0,0,0
12,57965,0,0,0,0,0
12,58035,0,0,0,0,0
12,58106,0,0,0,0,0
12,58178,0,0,0,0,0
12,58251,0,0,0,0,0
12,58325,0,0,0,0,0
12,58400,0,0,0,0,0
12,58476,0,0,0,0,0
12,58553,0,0,0,0,0
12,58631,0,0,0,0,0
12,58710,0,0,0,0,0
12,58790,0,0,0,0,0
12,58871,0,0,0,0,0
12,58953,0,0,0,0,0
12,59036,0,0,0,0,0
12,59120,0,0,0,0,0
12,59205,0,0,0,0,0
12,59291,0,0,0,0,0
12,59378,0,0,0,0,0
12,59466,0,0,0,0,0
12,59555,0,0,0,0,0
12,59645,0,0,0,0,0
12,59736,0,0,0,0,0
12,59828,0,0,0,0,0
12,59921,0,0,0,0,0
12,60015,0,0,0,0,0
12,60110,0,0,0,0,0
12,60206,0,0,0,0,0
12,60303,0,0,0,0,0
12,60401,0,0,0,0,0
12,60500,0,0,0,0,0
12,60600,0,0,0,0,0
13,60601,0,0,0,0,0
13,60603,0,0,0,0,0
13,60606,0,0,0,0,0
13,60610,0,0,0,0,0
13,60615,0,0,0,0,0
13,60621,0,0,0,0,0
13,60628,0,0,0,0,0
13,60636,0,0,0,0,0
13,60645,0,0,0,0,0
13,60655,0,0,0,0,0
13,60666,0,0,0,0,0
13,60678,0,0,0,0,0
13,60691,0,0,0,0,0
13,60705,0,0,0,0,0
13,60720,0,0,0,0,0
13,60736,0,0,0,0,0
13,60753,0,0,0,0,0
13,60771,0,0,0,0,0
13,60790,0,0,0,0,0
13,60810,0,0,0,0,0
13,60831,0,0,0,0,0
13,60853,0,0,0,0,0
13,60876,0,0,0,0,0
13,60900,0,0,0,0,0
13,60925,0,0,0,0,0
13,60951,0,0,0,0,0
13,60978,0,0,0,0,0
13,61006,0,0,0,0,0
13,61035,0,0,0,0,0
13,61065,0,0,0,0,0
13,61096,0,0,0,0,0
13,61128,0,0,0,0,0
13,61161,0,0,0,0,0
13,61195,0,0,0,0,0
13,61230,0,0,0,0,0
13,61266,0,0,0,0,0
13,61303,0,0,0,0,0
13,61341,0,0,0,0,0
13,61380,0,0,0,0,0
13,61420,0,0,0,0,0
13,61461,0,0,0,0,0
13,61503,0,0,0,0,0
13,61546,0,0,0,0,0
13,61590,0,0,0,0,0
13,61635,0,0,0,0,0
13,61681,0,0,0,0,0
13,61728,0,0,0,0,0
13,61776,0,0,0,0,0
13,61825,0,0,0,0,0
13,61875,0,0,0,0,0
13,61926,0,0,0,0,0
13,61978,0,0,0,0,0
13,62031,0,0,0,0,0
13,62085,0,0,0,0,0
13,62140,0,0,0,0,0
13,62196,0,0,0,0,0
13,62253,0,0,0,0,0
13,62311,0,0,0,0,0
13,62370,0,0,0,0,0
13,62430,0,0,0,0,0
13,62491,0,0,0,0,0
13,62553,0,0,0,0,0
13,62616,0,0,0,0,0
13,62680,0,0,0,0,0
13,62745,0,0,0,0,0
13,62811,0,0,0,0,0
13,62878,0,0,0,0,0
13,62946,0,0,0,0,0
13,63015,0,0,0,0,0
13,63085,0,0,0,0,0
13,63156,0,0,0,0,0
13,63228,0,0,0,0,0
13,63301,0,0,0,0,0
13,63375,0,0,0,0,0
13,63450,0,0,0,0,0
13,63526,0,0,0,0,0
13,63603,0,0,0,0,0
13,63681,0,0,0,0,0
13,63760,0,0,0,0,0
13,63840,0,0,0,0,0
13,63921,0,0,0,0,0
13,64003,0,0,0,0,0
13,64086,0,0,0,0,0
13,64170,0,0,0,0,0
13,64255,0,0,0,0,0
13,64341,0,0,0,0,0
13,64428,0,0,0,0,0
13,64516,0,0,0,0,0
13,64605,0,0,0,0,0
13,64695,0,0,0,0,0
13,64786,0,0,0,0,0
13,64878,0,0,0,0,0
13,64971,0,0,0,0,0
13,65065,0,0,0,0,0
13,65160,0,0,0,0,0
13,65256,0,0,0,0,0
13,65353,0,0,0,0,0
13,65451,0,0,0,0,0
13,65550,0,0,0,0,0
13,65650,0,0,0,0,0
14,65651,0,0,0,0,0
14,65653,0,0,0,0,0
14,65656,0,0,0,0,0
14,65660,0,0,0,0,0
14,65665,0,0,0,0,0
14,65671,0,0,0,0,0
14,65678,0,0,0,0,0
14,65686,0,0,0,0,0
14,65695,0,0,0,0,0
14,65705,0,0,0,0,0
14,65716,0,0,0,0,0
14,65728,0,0,0,0,0
14,65741,0,0,0,0,0
14,65755,0,0,0,0,0
14,65770,0,0,0,0,0
14,65786,0,0,0,0,0
14,65803,0,0,0,0,0
14,65821,0,0,0,0,0
14,65840,0,0,0,0,0
14,65860,0,0,0,0,0
14,65881,0,0,0,0,0
14,65903,0,0,0,0,0
14,65926,0,0,0,0,0
14,65950,0,0,0,0,0
14,65975,0,0,0,0,0
14,66001,0,0,0,0,0
14,66028,0,0,0,0,0
14,66056,0,0,0,0,0
14,66085,0,0,0,0,0
14,66115,0,0,0,0,0
14,66146,0,0,0,0,0
14,66178,0,0,0,0,0
14,66211,0,0,0,0,0
14,66245,0,0,0,0,0
14,66280,0,0,0,0,0
14,66316,0,0,0,0,0
14,66353,0,0,0,0,0
14,66391,0,0,0,0,0
14,66430,0,0,0,0,0
14,66470,0,0,0,0,0
14,66511,0,0,0,0,0
14,66553,0,0,0,0,0
14,66596,0,0,0,0,0
14,66640,0,0,0,0,0
14,66685,0,0,0,0,0
14,66731,0,0,0,0,0
14,66778,0,0,0,0,0
14,66826,0,0,0,0,0
14,66875,0,0,0,0,0
14,66925,0,0,0,0,0
14,66976,0,0,0,0,0
14,67028,0,0,0,0,0
14,67081,0,0,0,0,0
14,67135,0,0,0,0,0
14,67190,0,0,0,0,0
14,67246,0,0,0,0,0
14,67303,0,0,0,0,0
14,67361,0,0,0,0,0
14,67420,0,0,0,0,0
14,67480,0,0,0,0,0
14,67541,0,0,0,0,0
14,67603,0,0,0,0,0
14,67666,0,0,0,0,0
14,67730,0,0,0,0,0
14,67795,0,0,0,0,0
14,67861,0,0,0,0,0
14,67928,0,0,0,0,0
14,67996,0,0,0,0,0
14,68065,0,0,0,0,0
14,68135,0,0,0,0,0
14,68206,0,0,0,0,0
14,68278,0,0,0,0,0
14,68351,0,0,0,0,0
14,68425,0,0,0,0,0
14,68500,0,0,0,0,0
14,68576,0,0,0,0,0
14,68653,0,0,0,0,0
14,68731,0,0,0,0,0
14,68810,0,0,0,0,0
14,68890,0,0,0,0,0
14,68971,0,0,0,0,0
14,69053,0,0,0,0,0
14,69136,0,0,0,0,0
14,69220,0,0,0,0,0
14,69305,0,0,0,0,0
14,69391,0,0,0,0,0
14,69478,0,0,0,0,0
14,69566,0,0,0,0,0
14,69655,0,0,0,0,0
14,69745,0,0,0,0,0
14,69836,0,0,0,0,0
14,69928,0,0,0,0,0
14,70021,0,0,0,0,0
14,70115,0,0,0,0,0
14,70210,0,0,0,0,0
14,70306,0,0,0,0,0
14,70403,0,0,0,0,0
14,70501,0,0,0,0,0
14,70600,0,0,0,0,0
14,70700,0,0,0,0,0
15,70701,0,0,0,0,0
15,70703,0,0,0,0,0
15,70706,0,0,0,0,0
15,70710,0,0,0,0,0
15,70715,0,0,0,0,0
15,70721,0,0,0,0,0
15,70728,0,0,0,0,0
15,70736,0,0,0,0,0
15,70745,0,0,0,0,0
15,70755,0,0,0,0,0
15,70766,0,0,0,0,0
15,70778,0,0,0,0,0
15,70791,0,0,0,0,0
15,70805,0,0,0,0,0
15,70820,0,0,0,0,0
15,70836,0,0,0,0,0
15,70853,0,0,0,0,0
15,70871,0,0,0,0,0
15,70890,0,0,0,0,0
15,70910,0,0,0,0,0
15,70931,0,0,0,0,0
15,70953,0,0,0,0,0
15,70976,0,0,0,0,0
15,71000,0,0,0,0,0
15,71025,0,0,0,0,0
15,71051,0,0,0,0,0
15,71078,0,0,0,0,0
15,71106,0,0,0,0,0
15,71135,0,0,0,0,0
15,71165,0,0,0,0,0
15,71196,0,0,0,0,0
15,71228,0,0,0,0,0
15,71261,0,0,0,0,0
15,71295,0,0,0,0,0
15,71330,0,0,0,0,0
15,71366,0,0,0,0,0
15,71403,0,0,0,0,0
15,71441,0,0,0,0,0
15,71480,0,0,0,0,0
15,71520,0,0,0,0,0
15,71561,0,0,0,0,0
15,71603,0,0,0,0,0
15,71646,0,0,0,0,0
15,71690,0,0,0,0,0
15,71735,0,0,0,0,0
15,71781,0,0,0,0,0
15,71828,0,0,0,0,0
15,71876,0,0,0,0,0
15,71925,0,0,0,0,0
15,71975,0,0,0,0,0
15,72026,0,0,0,0,0
15,72078,0,0,0,0,0
15,72131,0,0,0,0,0
15,72185,0,0,0,0,0
15,72240,0,0,0,0,0
15,72296,0,0,0,0,0
15,72353,0,0,0,0,0
15,72411,0,0,0,0,0
15,72470,0,0,0,0,0
15,72530,0,0,0,0,0
15,72591,0,0,0,0,0
15,72653,0,0,0,0,0
15,72716,0,0,0,0,0
15,72780,0,0,0,0,0
15,72845,0,0,0,0,0
15,72911,0,0,0,0,0
15,72978,0,0,0,0,0
15,73046,0,0,0,0,0
15,73115,0,0,0,0,0
15,73185,0,0,0,0,0
15,73256,0,0,0,0,0
15,73328,0,0,0,0,0
15,73401,0,0,0,0,0
15,73475,0,0,0,0,0
15,73550,0,0,0,0,0
15,73626,0,0,0,0,0
15,73703,0,0,0,0,0
15,73781,0,0,0,0,0
15,73860,0,0,0,0,0
15,73940,0,0,0,0,0
15,74021,0,0,0,0,0
15,74103,0,0,0,0,0
15,74186,0,0,0,0,0
15,74270,0,0,0,0,0
15,74355,0,0,0,0,0
15,74441,0,0,0,0,0
15,74528,0,0,0,0,0
15,74616,0,0,0,0,0
15,74705,0,0,0,0,0
15,74795,0,0,0,0,0
15,74886,0,0,0,0,0
15,74978,0,0,0,0,0
15,75071,0,0,0,0,0
15,75165,0,0,0,0,0
15,75260,0,0,0,0,0
15,75356,0,0,0,0,0
15,75453,0,0,0,0,0
15,75551,0,0,0,0,0
15,75650,0,0,0,0,0
15,75750,0,0,0,0,0
16,75751,0,0,0,0,0
16,75753,0,0,0,0,0
16,75756,0,0,0,0,0
16,75760,0,0,0,0,0
16,75765,0,0,0,0,0
16,75771,0,0,0,0,0
16,75778,0,0,0,0,0
16,75786,0,0,0,0,0
16,75795,0,0,0,0,0
16,75805,0,0,0,0,0
16,75816,0,0,0,0,0
16,75828,0,0,0,0,0
16,75841,0,0,0,0,0
16,75855,0,0,0,0,0
16,75870,0,0,0,0,0
16,75886,0,0,0,0,0
16,75903,0,0,0,0,0
16,75921,0,0,0,0,0
16,75940,0,0,0,0,0
16,75960,0,0,0,0,0
16,75981,0,0,0,0,0
16,76003,0,0,0,0,0
16,76026,0,0,0,0,0
16,76050,0,0,0,0,0
16,76075,0,0,0,0,0
16,76101,0,0,0,0,0
16,76128,0,0,0,0,0
16,76156,0,0,0,0,0
16,76185,0,0,0,0,0
16,76215,0,0,0,0,0
16,76246,0,0,0,0,0
16,76278,0,0,0,0,0
16,76311,0,0,0,0,0
16,76345,0,0,0,0,0
16,76380,0,0,0,0,0
16,76416,0,0,0,0,0
16,76453,0,0,0,0,0
16,76491,0,0,0,0,0
16,76530,0,0,0,0,0
16,76570,0,0,0,0,0
16,76611,0,0,0,0,0
16,76653,0,0,0,0,0
16,76696,0,0,0,0,0
16,76740,0,0,0,0,0
16,76785,0,0,0,0,0
16,76831,0,0,0,0,0
16,76878,0,0,0,0,0
16,76926,0,0,0,0,0
16,76975,0,0,0,0,0
16,77025,0,0,0,0,0
16,77076,0,0,0,0,0
16,77128,0,0,0,0,0
16,77181,0,0,0,0,0
16,77235,0,0,0,0,0
16,77290,0,0,0,0,0
16,77346,0,0,0,0,0
16,77403,0,0,0,0,0
16,77461,0,0,0,0,0
16,77520,0,0,0,0,0
16,77580,0,0,0,0,0
16,77641,0,0,0,0,0
16,77703,0,0,0,0,0
16,77766,0,0,0,0,0
16,77830,0,0,0,0,0
16,77895,0,0,0,0,0
16,77961,0,0,0,0,0
16,78028,0,0,0,0,0
16,78096,0,0,0,0,0
16,78165,0,0,0,0,0
16,78235,0,0,0,0,0
16,78306,0,0,0,0,0
16,78378,0,0,0,0,0
16,78451,0,0,0,0,0
16,78525,0,0,0,0,0
16,78600,0,0,0,0,0
16,78676,0,0,0,0,0
16,78753,0,0,0,0,0
16,78831,0,0,0,0,0
16,78910,0,0,0,0,0
16,78990,0,0,0,0,0
16,79071,0,0,0,0,0
16,79153,0,0,0,0,0
16,79236,0,0,0,0,0
16,79320,0,0,0,0,0
16,79405,0,0,0,0,0
16,79491,0,0,0,0,0
16,79578,0,0,0,0,0
16,79666,0,0,0,0,0
16,79755,0,0,0,0,0
16,79845,0,0,0,0,0
16,79936,0,0,0,0,0
16,80028,0,0,0,0,0
16,80121,0,0,0,0,0
16,80215,0,0,0,0,0
16,80310,0,0,0,0,0
16,80406,0,0,0,0,0
16,80503,0,0,0,0,0
16,80601,0,0,0,0,0
16,80700,0,0,0,0,0
16,80800,0,0,0,0,0
17,80801,0,0,0,0,0
17,80803,0,0,0,0,0
17,80806,0,0,0,0,0
17,80810,0,0,0,0,0
17,80815,0,0,0,0,0
17,80821,0,0,0,0,0
17,80828,0,0,0,0,0
17,80836,0,0,0,0,0
17,80845,0,0,0,0,0
17,80855,0,0,0,0,0
17,80866,0,0,0,0,0
17,80878,0,0,0,0,0
17,80891,0,0,0,0,0
17,80905,0,0,0,0,0
17,80920,0,0,0,0,0
17,80936,0,0,0,0,0
17,80953,0,0,0,0,0
17,80971,0,0,0,0,0
17,80990,0,0,0,0,0
17,81010,0,0,0,0,0
17,81031,0,0,0,0,0
17,81053,0,0,0,0,0
17,81076,0,0,0,0,0
17,81100,0,0,0,0,0
17,81125,0,0,0,0,0
17,81151,0,0,0,0,0
17,81178,0,0,0,0,0
17,81206,0,0,0,0,0
17,81235,0,0,0,0,0
17,81265,0,0,0,0,0
17,81296,0,0,0,0,0
17,81328,0,0,0,0,0
17,81361,0,0,0,0,0
17,81395,0,0,0,0,0
17,81430,0,0,0,0,0
17,81466,0,0,0,0,0
17,81503,0,0,0,0,0
17,81541,0,0,0,0,0
17,81580,0,0,0,0,0
17,81620,0,0,0,0,0
17,81661,0,0,0,0,0
17,81703,0,0,0,0,0
17,81746,0,0,0,0,0
17,81790,0,0,0,0,0
17,81835,0,0,0,0,0
17,81881,0,0,0,0,0
17,81928,0,0,0,0,0
17,81976,0,0,0,0,0
17,82025,0,0,0,0,0
17,82075,0,0,0,0,0
17,82126,0,0,0,0,0
17,82178,0,0,0,0,0
17,82231,0,0,0,0,0
17,82285,0,0,0,0,0
17,82340,0,0,0,0,0
17,82396,0,0,0,0,0
17,82453,0,0,0,0,0
17,82511,0,0,0,0,0
17,82570,0,0,0,0,0
17,82630,0,0,0,0,0
17,82691,0,0,0,0,0
17,82753,0,0,0,0,0
17,82816,0,0,0,0,0
17,82880,0,0,0,0,0
17,82945,0,0,0,0,0
17,83011,0,0,0,0,0
17,83078,0,0,0,0,0
17,83146,0,0,0,0,0
17,83215,0,0,0,0,0
17,83285,0,0,0,0,0
17,83356,0,0,0,0,0
17,83428,0,0,0,0,0
17,83501,0,0,0,0,0
17,83575,0,0,0,0,0
17,83650,0,0,0,0,0
17,83726,0,0,0,0,0
17,83803,0,0,0,0,0
17,83881,0,0,0,0,0
17,83960,0,0,0,0,0
17,84040,0,0,0,0,0
17,84121,0,0,0,0,0
17,84203,0,0,0,0,0
17,84286,0,0,0,0,0
17,84370,0,0,0,0,0
17,84455,0,0,0,0,0
17,84541,0,0,0,0,0
17,84628,0,0,0,0,0
17,84716,0,0,0,0,0
17,84805,0,0,0,0,0
17,84895,0,0,0,0,0
17,84986,0,0,0,0,0
17,85078,0,0,0,0,0
17,85171,0,0,0,0,0
17,85265,0,0,0,0,0
17,85360,0,0,0,0,0
17,85456,0,0,0,0,0
17,85553,0,0,0,0,0
17,85651,0,0,0,0,0
17,85750,0,0,0,0,0
17,85850,0,0,0,0,0
18,85851,0,0,0,0,0
18,85853,0,0,0,0,0
18,85856,0,0,0,0,0
18,85860,0,0,0,0,0
18,85865,0,0,0,0,0
18,85871,0,0,0,0,0
18,85878,0,0,0,0,0
18,85886,0,0,0,0,0
18,85895,0,0,0,0,0
18,85905,0,0,0,0,0
18,85916,0,0,0,0,0
18,85928,0,0,0,0,0
18,85941,0,0,0,0,0
18,85955,0,0,0,0,0
18,85970,0,0,0,0,0
18,85986,0,0,0,0,0
18,86003,0,0,0,0,0
18,86021,0,0,0,0,0
18,86040,0,0,0,0,0
18,86060,0,0,0,0,0
18,86081,0,0,0,0,0
18,86103,0,0,0,0,0
18,86126,0,0,0,0,0
18,86150,0,0,0,0,0
18,86175,0,0,0,0,0
18,86201,0,0,0,0,0
18,86228,0,0,0,0,0
18,86256,0,0,0,0,0
18,86285,0,0,0,0,0
18,86315,0,0,0,0,0
18,86346,0,0,0,0,0
18,86378,0,0,0,0,0
18,86411,0,0,0,0,0
18,86445,0,0,0,0,0
18,86480,0,0,0,0,0
18,86516,0,0,0,0,0
18,86553,0,0,0,0,0
18,86591,0,0,0,0,0
18,86630,0,0,0,0,0
18,86670,0,0,0,0,0
18,86711,0,0,0,0,0
18,86753,0,0,0,0,0
18,86796,0,0,0,0,0
18,86840,0,0,0,0,0
18,86885,0,0,0,0,0
18,86931,0,0,0,0,0
18,86978,0,0,0,0,0
18,87026,0,0,0,0,0
18,87075,0,0,0,0,0
18,87125,0,0,0,0,0
18,87176,0,0,0,0,0
18,87228,0,0,0,0,0
18,87281,0,0,0,0,0
18,87335,0,0,0,0,0
18,87390,0,0,0,0,0
18,87446,0,0,0,0,0
18,87503,0,0,0,0,0
18,87561,0,0,0,0,0
18,87620,0,0,0,0,0
18,87680,0,0,0,0,0
18,87741,0,0,0,0,0
18,87803,0,0,0,0,0
18,87866,0,0,0,0,0
18,87930,0,0,0,0,0
18,87995,0,0,0,0,0
18,88061,0,0,0,0,0
18,88128,0,0,0,0,0
18,88196,0,0,0,0,0
18,88265,0,0,0,0,0
18,88335,0,0,0,0,0
18,88406,0,0,0,0,0
18,88478,0,0,0,0,0
18,88551,0,0,0,0,0
18,88625,0,0,0,0,0
18,88700,0,0,0,0,0
18,88776,0,0,0,0,0
18,88853,0,0,0,0,0
18,88931,0,0,0,0,0
18,89010,0,0,0,0,0
18,89090,0,0,0,0,0
18,89171,0,0,0,0,0
18,89253,0,0,0,0,0
18,89336,0,0,0,0,0
18,89420,0,0,0,0,0
18,89505,0,0,0,0,0
18,89591,0,0,0,0,0
18,89678,0,0,0,0,0
18,89766,0,0,0,0,0
18,89855,0,0,0,0,0
18,89945,0,0,0,0,0
18,90036,0,0,0,0,0
18,90128,0,0,0,0,0
18,90221,0,0,0,0,0
18,90315,0,0,0,0,0
18,90410,0,0,0,0,0
18,90506,0,0,0,0,0
18,90603,0,0,0,0,0
18,90701,0,0,0,0,0
18,90800,0,0,0,0,0
18,90900,0,0,0,0,0
19,90901,0,0,0,0,0
19,90903,0,0,0,0,0
19,90906,0,0,0,0,0
19,90910,0,0,0,0,0
19,90915,0,0,0,0,0
19,90921,0,0,0,0,0
19,90928,0,0,0,0,0
19,90936,0,0,0,0,0
19,90945,0,0,0,0,0
19,90955,0,0,0,0,0
19,90966,0,0,0,0,0
19,90978,0,0,0,0,0
19,90991,0,0,0,0,0
19,91005,0,0,0,0,0
19,91020,0,0,0,0,0
19,91036,0,0,0,0,0
19,91053,0,0,0,0,0
19,91071,0,0,0,0,0
19,91090,0,0,0,0,0
19,91110,0,0,0,0,0
19,91131,0,0,0,0,0
19,91153,0,0,0,0,0
19,91176,0,0,0,0,0
19,91200,0,0,0,0,0
19,91225,0,0,0,0,0
19,91251,0,0,0,0,0
19,91278,0,0,0,0,0
19,91306,0,0,0,0,0
19,91335,0,0,0,0,0
19,91365,0,0,0,0,0
19,91396,0,0,0,0,0
19,91428,0,0,0,0,0
19,91461,0,0,0,0,0
19,91495,0,0,0,0,0
19,91530,0,0,0,0,0
19,91566,0,0,0,0,0
19,91603,0,0,0,0,0
19,91641,0,0,0,0,0
19,91680,0,0,0,0,0
19,91720,0,0,0,0,0
19,91761,0,0,0,0,0
19,91803,0,0,0,0,0
19,91846,0,0,0,0,0
19,91890,0,0,0,0,0
19,91935,0,0,0,0,0
19,91981,0,0,0,0,0
19,92028,0,0,0,0,0
19,92076,0,0,0,0,0
19,92125,0,0,0,0,0
19,92175,0,0,0,0,0
19,92226,0,0,0,0,0
19,92278,0,0,0,0,0
19,92331,0,0,0,0,0
19,92385,0,0,0,0,0
19,92440,0,0,0,0,0
19,92496,0,0,0,0,0
19,92553,0,0,0,0,0
19,92611,0,0,0,0,0
19,92670,0,0,0,0,0
19,92730,0,0,0,0,0
19,92791,0,0,0,0,0
19,92853,0,0,0,0,0
19,92916,0,0,0,0,0
19,92980,0,0,0,0,0
19,93045,0,0,0,0,0
19,93111,0,0,0,0,0
19,93178,0,0,0,0,0
19,93246,0,0,0,0,0
19,93315,0,0,0,0,0
19,93385,0,0,0,0,0
19,93456,0,0,0,0,0
19,93528,0,0,0,0,0
19,93601,0,0,0,0,0
19,93675,0,0,0,0,0
19,93750,0,0,0,0,0
19,93826,0,0,0,0,0
19,93903,0,0,0,0,0
19,93981,0,0,0,0,0
19,94060,0,0,0,0,0
19,94140,0,0,0,0,0
19,94221,0,0,0,0,0
19,94303,0,0,0,0,0
19,94386,0,0,0,0,0
19,94470,0,0,0,0,0
19,94555,0,0,0,0,0
19,94641,0,0,0,0,0
19,94728,0,0,0,0,0
19,94816,0,0,0,0,0
19,94905,0,0,0,0,0
19,94995,0,0,0,0,0
19,95086,0,0,0,0,0
19,95178,0,0,0,0,0
19,95271,0,0,0,0,0
19,95365,0,0,0,0,0
19,95460,0,0,0,0,0
19,95556,0,0,0,0,0
19,95653,0,0,0,0,0
19,95751,0,0,0,0,0
19,95850,0,0,0,0,0
19,95950,0,0,0,0,0
20,95951,0,0,0,0,0
20,95953,0,0,0,0,0
20,95956,0,0,0,0,0
20,95960,0,0,0,0,0
20,95965,0,0,0,0,0
20,95971,0,0,0,0,0
20,95978,0,0,0,0,0
20,95986,0,0,0,0,0
20,95995,0,0,0,0,0
20,96005,0,0,0,0,0
20,96016,0,0,0,0,0
20,96028,0,0,0,0,0
20,96041,0,0,0,0,0
20,96055,0,0,0,0,0
20,96070,0,0,0,0,0
20,96086,0,0,0,0,0
20,96103,0,0,0,0,0
20,96121,0,0,0,0,0
20,96140,0,0,0,0,0
20,96160,0,0,0,0,0
20,96181,0,0,0,0,0
20,96203,0,0,0,0,0
20,96226,0,0,0,0,0
20,96250,0,0,0,0,0
20,96275,0,0,0,0,0
20,96301,0,0,0,0,0
20,96328,0,0,0,0,0
20,96356,0,0,0,0,0
20,96385,0,0,0,0,0
20,96415,0,0,0,0,0
20,96446,0,0,0,0,0
20,96478,0,0,0,0,0
20,96511,0,0,0,0,0
20,96545,0,0,0,0,0
20,96580,0,0,0,0,0
20,96616,0,0,0,0,0
20,96653,0,0,0,0,0
20,96691,0,0,0,0,0
20,96730,0,0,0,0,0
20,96770,0,0,0,0,0
20,96811,0,0,0,0,0
20,96853,0,0,0,0,0
20,96896,0,0,0,0,0
20,96940,0,0,0,0,0
20,96985,0,0,0,0,0
20,97031,0,0,0,0,0
20,97078,0,0,0,0,0
20,97126,0,0,0,0,0
20,97175,0,0,0,0,0
20,97225,0,0,0,0,0
20,97276,0,0,0,0,0
20,97328,0,0,0,0,0
20,97381,0,0,0,0,0
20,97435,0,0,0,0,0
20,97490,0,0,0,0,0
20,97546,0,0,0,0,0
20,97603,0,0,0,0,0
20,97661,0,0,0,0,0
20,97720,0,0,0,0,0
20,97780,0,0,0,0,0
20,97841,0,0,0,0,0
20,97903,0,0,0,0,0
20,97966,0,0,0,0,0
20,98030,0,0,0,0,0
20,98095,0,0,0,0,0
20,98161,0,0,0,0,0
20,98228,0,0,0,0,0
20,98296,0,0,0,0,0
20,98365,0,0,0,0,0
20,98435,0,0,0,0,0
20,98506,0,0,0,0,0
20,98578,0,0,0,0,0
20,98651,0,0,0,0,0
20,98725,0,0,0,0,0
20,98800,0,0,0,0,0
20,98876,0,0,0,0,0
20,98953,0,0,0,0,0
20,99031,0,0,0,0,0
20,99110,0,0,0,0,0
20,99190,0,0,0,0,0
20,99271,0,0,0,0,0
20,99353,0,0,0,0,0
20,99436,0,0,0,0,0
20,99520,0,0,0,0,0
20,99605,0,0,0,0,0
20,99691,0,0,0,0,0
20,99778,0,0,0,0,0
20,99866,0,0,0,0,0
20,99955,0,0,0,0,0
20,100045,0,0,0,0,0
20,100136,0,0,0,0,0
20,100228,0,0,0,0,0
20,100321,0,0,0,0,0
20,100415,0,0,0,0,0
20,100510,0,0,0,0,0
20,100606,0,0,0,0,0
20,100703,0,0,0,0,0
20,100801,0,0,0,0,0
20,100900,0,0,0,0,0
20,101000,0,0,0,0,0
21,101001,0,0,0,0,0
21,101003,0,0,0,0,0
21,101006,0,0,0,0,0
21,101010,0,0,0,0,0
21,101015,0,0,0,0,0
21,101021,0,0,0,0,0
21,101028,0,0,0,0,0
21,101036,0,0,0,0,0
21,101045,0,0,0,0,0
21,101055,0,0,0,0,0
21,101066,0,0,0,0,0
21,101078,0,0,0,0,0
21,101091,0,0,0,0,0
21,101105,0,0,0,0,0
21,101120,0,0,0,0,0
21,101136,0,0,0,0,0
21,101153,0,0,0,0,0
21,101171,0,0,0,0,0
21,101190,0,0,0,0,0
21,101210,0,0,0,0,0
21,101231,0,0,0,0,0
21,101253,0,0,0,0,0
21,101276,0,0,0,0,0
21,101300,0,0,0,0,0
21,101325,0,0,0,0,0
21,101351,0,0,0,0,0
21,101378,0,0,0,0,0
21,101406,0,0,0,0,0
21,101435,0,0,0,0,0
21,101465,0,0,0,0,0
21,101496,0,0,0,0,0
21,101528,0,0,0,0,0
21,101561,0,0,0,0,0
21,101595,0,0,0,0,0
21,101630,0,0,0,0,0
21,101666,0,0,0,0,0
21,101703,0,0,0,0,0
21,101741,0,0,0,0,0
21,101780,0,0,0,0,0
21,101820,0,0,0,0,0
21,101861,0,0,0,0,0
21,101903,0,0,0,0,0
21,101946,0,0,0,0,0
21,101990,0,0,0,0,0
21,102035,0,0,0,0,0
21,102081,0,0,0,0,0
21,102128,0,0,0,0,0
21,102176,0,0,0,0,0
21,102225,0,0,0,0,0
21,102275,0,0,0,0,0
21,102326,0,0,0,0,0
21,102378,0,0,0,0,0
21,102431,0,0,0,0,0
21,102485,0,0,0,0,0
21,102540,0,0,0,0,0
21,102596,0,0,0,0,0
21,102653,0,0,0,0,0
21,102711,0,0,0,0,0
21,102770,0,0,0,0,0
21,102830,0,0,0,0,0
21,102891,0,0,0,0,0
21,102953,0,0,0,0,0
21,103016,0,0,0,0,0
21,103080,0,0,0,0,0
21,103145,0,0,0,0,0
21,103211,0,0,0,0,0
21,103278,0,0,0,0,0
21,103346,0,0,0,0,0
21,103415,0,0,0,0,0
21,103485,0,0,0,0,0
21,103556,0,0,0,0,0
21,103628,0,0,0,0,0
21,103701,0,0,0,0,0
21,103775,0,0,0,0,0
21,103850,0,0,0,0,0
21,103926,0,0,0,0,0
21,104003,0,0,0,0,0
21,104081,0,0,0,0,0
21,104160,0,0,0,0,0
21,104240,0,0,0,0,0
21,104321,0,0,0,0,0
21,104403,0,0,0,0,0
21,104486,0,0,0,0,0
21,104570,0,0,0,0,0
21,104655,0,0,0,0,0
21,104741,0,0,0,0,0
21,104828,0,0,0,0,0
21,104916,0,0,0,0,0
21,105005,0,0,0,0,0
21,105095,0,0,0,0,0
21,105186,0,0,0,0,0
21,105278,0,0,0,0,0
21,105371,0,0,0,0,0
21,105465,0,0,0,0,0
21,105560,0,0,0,0,0
21,105656,0,0,0,0,0
21,105753,0,0,0,0,0
21,105851,0,0,0,0,0
21,105950,0,0,0,0,0
21,106050,0,0,0,0,0
22,106051,0,0,0,0,0
22,106053,0,0,0,0,0
22,106056,0,0,0,0,0
22,106060,0,0,0,0,0
22,106065,0,0,0,0,0
22,106071,0,0,0,0,0
22,106078,0,0,0,0,0
22,106086,0,0,0,0,0
22,106095,0,0,0,0,0
22,106105,0,0,0,0,0
22,106116,0,0,0,0,0
22,106128,0,0,0,0,0
22,106141,0,0,0,0,0
22,106155,0,0,0,0,0
22,106170,0,0,0,0,0
22,106186,0,0,0,0,0
22,106203,0,0,0,0,0
22,106221,0,0,0,0,0
22,106240,0,0,0,0,0
22,106260,0,0,0,0,0
22,106281,0,0,0,0,0
22,106303,0,0,0,0,0
22,106326,0,0,0,0,0
22,106350,0,0,0,0,0
22,106375,0,0,0,0,0
22,106401,0,0,0,0,0
22,106428,0,0,0,0,0
22,106456,0,0,0,0,0
22,106485,0,0,0,0,0
22,106515,0,0,0,0,0
22,106546,0,0,0,0,0
22,106578,0,0,0,0,0
22,106611,0,0,0,0,0
22,106645,0,0,0,0,0
22,106680,0,0,0,0,0
22,106716,0,0,0,0,0
22,106753,0,0,0,0,0
22,106791,0,0,0,0,0
22,106830,0,0,0,0,0
22,106870,0,0,0,0,0
22,106911,0,0,0,0,0
22,106953,0,0,0,0,0
22,106996,0,0,0,0,0
22,107040,0,0,0,0,0
22,107085,0,0,0,0,0
22,107131,0,0,0,0,0
22,107178,0,0,0,0,0
22,107226,0,0,0,0,0
22,107275,0,0,0,0,0
22,107325,0,0,0,0,0
22,107376,0,0,0,0,0
22,107428,0,0,0,0,0
22,107481,0,0,0,0,0
22,107535,0,0,0,0,0
22,107590,0,0,0,0,0
22,107646,0,0,0,0,0
22,107703,0,0,0,0,0
22,107761,0,0,0,0,0
22,107820,0,0,0,0,0
22,107880,0,0,0,0,0
22,107941,0,0,0,0,0
22,108003,0,0,0,0,0
22,108066,0,0,0,0,0
22,108130,0,0,0,0,0
22,108195,0,0,0,0,0
22,108261,0,0,0,0,0
22,108328,0,0,0,0,0
22,108396,0,0,0,0,0
22,108465,0,0,0,0,0
22,108535,0,0,0,0,0
22,108606,0,0,0,0,0
22,108678,0,0,0,0,0
22,108751,0,0,0,0,0
22,108825,0,0,0,0,0
22,108900,0,0,0,0,0
22,108976,0,0,0,0,0
22,109053,0,0,0,0,0
22,109131,0,0,0,0,0
22,109210,0,0,0,0,0
22,109290,0,0,0,0,0
22,109371,0,0,0,0,0
22,109453,0,0,0,0,0
22,109536,0,0,0,0,0
22,109620,0,0,0,0,0
22,109705,0,0,0,0,0
22,109791,0,0,0,0,0
22,109878,0,0,0,0,0
22,109966,0,0,0,0,0
22,110055,0,0,0,0,0
22,110145,0,0,0,0,0
22,110236,0,0,0,0,0
22,110328,0,0,0,0,0
22,110421,0,0,0,0,0
22,110515,0,0,0,0,0
22,110610,0,0,0,0,0
22,110706,0,0,0,0,0
22,110803,0,0,0,0,0
22,110901,0,0,0,0,0
22,111000,0,0,0,0,0
22,111100,0,0,0,0,0
23,111101,0,0,0,0,0
23,111103,0,0,0,0,0
23,111106,0,0,0,0,0
23,111110,0,0,0,0,0
23,111115,0,0,0,0,0
23,111121,0,0,0,0,0
23,111128,0,0,0,0,0
23,111136,0,0,0,0,0
23,111145,0,0,0,0,0
23,111155,0,0,0,0,0
23,111166,0,0,0,0,0
23,111178,0,0,0,0,0
23,111191,0,0,0,0,0
23,111205,0,0,0,0,0
23,111220,0,0,0,0,0
23,111236,0,0,0,0,0
23,111253,0,0,0,0,0
23,111271,0,0,0,0,0
23,111290,0,0,0,0,0
23,111310,0,0,0,0,0
23,111331,0,0,0,0,0
23,111353,0,0,0,0,0
23,111376,0,0,0,0,0
23,111400,0,0,0,0,0
23,111425,0,0,0,0,0
23,111451,0,0,0,0,0
23,111478,0,0,0,0,0
23,111506,0,0,0,0,0
23,111535,0,0,0,0,0
23,111565,0,0,0,0,0
23,111596,0,0,0,0,0
23,111628,0,0,0,0,0
23,111661,0,0,0,0,0
23,111695,0,0,0,0,0
23,111730,0,0,0,0,0
23,111766,0,0,0,0,0
23,111803,0,0,0,0,0
23,111841,0,0,0,0,0
23,111880,0,0,0,0,0
23,111920,0,0,0,0,0
23,111961,0,0,0,0,0
23,112003,0,0,0,0,0
23,112046,0,0,0,0,0
23,112090,0,0,0,0,0
23,112135,0,0,0,0,0
23,112181,0,0,0,0,0
23,112228,0,0,0,0,0
23,112276,0,0,0,0,0
23,112325,0,0,0,0,0
23,112375,0,0,0,0,0
23,112426,0,0,0,0,0
23,112478,0,0,0,0,0
23,112531,0,0,0,0,0
23,112585,0,0,0,0,0
23,112640,0,0,0,0,0
23,112696,0,0,0,0,0
23,112753,0,0,0,0,0
23,112811,0,0,0,0,0
23,112870,0,0,0,0,0
23,112930,0,0,0,0,0
23,112991,0,0,0,0,0
23,113053,0,0,0,0,0
23,113116,0,0,0,0,0
23,113180,0,0,0,0,0
23,113245,0,0,0,0,0
23,113311,0,0,0,0,0
23,113378,0,0,0,0,0
23,113446,0,0,0,0,0
23,113515,0,0,0,0,0
23,113585,0,0,0,0,0
23,113656,0,0,0,0,0
23,113728,0,0,0,0,0
23,113801,0,0,0,0,0
23,113875,0,0,0,0,0
23,113950,0,0,0,0,0
23,114026,0,0,0,0,0
23,114103,0,0,0,0,0
23,114181,0,0,0,0,0
23,114260,0,0,0,0,0
23,114340,0,0,0,0,0
23,114421,0,0,0,0,0
23,114503,0,0,0,0,0
23,114586,0,0,0,0,0
23,114670,0,0,0,0,0
23,114755,0,0,0,0,0
23,114841,0,0,0,0,0
23,114928,0,0,0,0,0
23,115016,0,0,0,0,0
23,115105,0,0,0,0,0
23,115195,0,0,0,0,0
23,115286,0,0,0,0,0
23,115378,0,0,0,0,0
23,115471,0,0,0,0,0
23,115565,0,0,0,0,0
23,115660,0,0,0,0,0
23,115756,0,0,0,0,0
23,115853,0,0,0,0,0
23,115951,0,0,0,0,0
23,116050,0,0,0,0,0
23,116150,0,0,0,0,0
24,116151,0,0,0,0,0
24,116153,0,0,0,0,0
24,116156,0,0,0,0,0
24,116160,0,0,0,0,0
24,116165,0,0,0,0,0
24,116171,0,0,0,0,0
24,116178,0,0,0,0,0
24,116186,0,0,0,0,0
24,116195,0,0,0,0,0
24,116205,0,0,0,0,0
24,116216,0,0,0,0,0
24,116228,0,0,0,0,0
24,116241,0,0,0,0,0
24,116255,0,0,0,0,0
24,116270,0,0,0,0,0
24,116286,0,0,0,0,0
24,116303,0,0,0,0,0
24,116321,0,0,0,0,0
24,116340,0,0,0,0,0
24,116360,0,0,0,0,0
24,116381,0,0,0,0,0
24,116403,0,0,0,0,0
24,116426,0,0,0,0,0
24,116450,0,0,0,0,0
24,116475,0,0,0,0,0
24,116501,0,0,0,0,0
24,116528,0,0,0,0,0
24,116556,0,0,0,0,0
24,116585,0,0,0,0,0
24,116615,0,0,0,0,0
24,116646,0,0,0,0,0
24,116678,0,0,0,0,0
24,116711,0,0,0,0,0
24,116745,0,0,0,0,0
24,116780,0,0,0,0,0
24,116816,0,0,0,0,0
24,116853,0,0,0,0,0
24,116891,0,0,0,0,0
24,116930,0,0,0,0,0
24,116970,0,0,0,0,0
24,117011,0,0,0,0,0
24,117053,0,0,0,0,0
24,117096,0,0,0,0,0
24,117140,0,0,0,0,0
24,117185,0,0,0,0,0
24,117231,0,0,0,0,0
24,117278,0,0,0,0,0
24,117326,0,0,0,0,0
24,117375,0,0,0,0,0
24,117425,0,0,0,0,0
24,117476,0,0,0,0,0
24,117528,0,0,0,0,0
24,117581,0,0,0,0,0
24,117635,0,0,0,0,0
24,117690,0,0,0,0,0
24,117746,0,0,0,0,0
24,117803,0,0,0,0,0
24,117861,0,0,0,0,0
24,117920,0,0,0,0,0
24,117980,0,0,0,0,0
24,118041,0,0,0,0,0
24,118103,0,0,0,0,0
24,118166,0,0,0,0,0
24,118230,0,0,0,0,0
24,118295,0,0,0,0,0
24,118361,0,0,0,0,0
24,118428,0,0,0,0,0
24,118496,0,0,0,0,0
24,118565,0,0,0,0,0
24,118635,0,0,0,0,0
24,118706,0,0,0,0,0
24,118778,0,0,0,0,0
24,118851,0,0,0,0,0
24,118925,0,0,0,0,0
24,119000,0,0,0,0,0
24,119076,0,0,0,0,0
24,119153,0,0,0,0,0
24,119231,0,0,0,0,0
24,119310,0,0,0,0,0
24,119390,0,0,0,0,0
24,119471,0,0,0,0,0
24,119553,0,0,0,0,0
24,119636,0,0,0,0,0
24,119720,0,0,0,0,0
24,119805,0,0,0,0,0
24,119891,0,0,0,0,0
24,119978,0,0,0,0,0
24,120066,0,0,0,0,0
24,120155,0,0,0,0,0
24,120245,0,0,0,0,0
24,120336,0,0,0,0,0
24,120428,0,0,0,0,0
24,120521,0,0,0,0,0
24,120615,0,0,0,0,0
24,120710,0,0,0,0,0
24,120806,0,0,0,0,0
24,120903,0,0,0,0,0
24,121001,0,0,0,0,0
24,121100,0,0,0,0,0
24,121200,0,0,0,0,0
25,121201,0,0,0,0,0
25,121203,0,0,0,0,0
25,121206,0,0,0,0,0
25,121210,0,0,0,0,0
25,121215,0,0,0,0,0
25,121221,0,0,0,0,0
25,121228,0,0,0,0,0
25,121236,0,0,0,0,0
25,121245,0,0,0,0,0
25,121255,0,0,0,0,0
25,121266,0,0,0,0,0
25,121278,0,0,0,0,0
25,121291,0,0,0,0,0
25,121305,0,0,0,0,0
25,121320,0,0,0,0,0
25,121336,0,0,0,0,0
25,121353,0,0,0,0,0
25,121371,0,0,0,0,0
25,121390,0,0,0,0,0
25,121410,0,0,0,0,0
25,121431,0,0,0,0,0
25,121453,0,0,0,0,0
25,121476,0,0,0,0,0
25,121500,0,0,0,0,0
25,121525,0,0,0,0,0
25,121551,0,0,0,0,0
25,121578,0,0,0,0,0
25,121606,0,0,0,0,0
25,121635,0,0,0,0,0
25,121665,0,0,0,0,0
25,121696,0,0,0,0,0
25,121728,0,0,0,0,0
25,121761,0,0,0,0,0
25,121795,0,0,0,0,0
25,121830,0,0,0,0,0
25,121866,0,0,0,0,0
25,121903,0,0,0,0,0
25,121941,0,0,0,0,0
25,121980,0,0,0,0,0
25,122020,0,0,0,0,0
25,122061,0,0,0,0,0
25,122103,0,0,0,0,0
25,122146,0,0,0,0,0
25,122190,0,0,0,0,0
25,122235,0,0,0,0,0
25,122281,0,0,0,0,0
25,122328,0,0,0,0,0
25,122376,0,0,0,0,0
25,122425,0,0,0,0,0
25,122475,0,0,0,0,0
25,122526,0,0,0,0,0
25,122578,0,0,0,0,0
25,122631,0,0,0,0,0
25,122685,0,0,0,0,0
25,122740,0,0,0,0,0
25,122796,0,0,0,0,0
25,122853,0,0,0,0,0
25,122911,0,0,0,0,0
25,122970,0,0,0,0,0
25,123030,0,0,0,0,0
25,123091,0,0,0,0,0
25,123153,0,0,0,0,0
25,123216,0,0,0,0,0
25,123280,0,0,0,0,0
25,123345,0,0,0,0,0
25,123411,0,0,0,0,0
25,123478,0,0,0,0,0
25,123546,0,0,0,0,0
25,123615,0,0,0,0,0
25,123685,0,0,0,0,0
25,123756,0,0,0,0,0
25,123828,0,0,0,0,0
25,123901,0,0,0,0,0
25,123975,0,0,0,0,0
25,124050,0,0,0,0,0
25,124126,0,0,0,0,0
25,124203,0,0,0,0,0
25,124281,0,0,0,0,0
25,124360,0,0,0,0,0
25,124440,0,0,0,0,0
25,124521,0,0,0,0,0
25,124603,0,0,0,0,0
25,124686,0,0,0,0,0
25,124770,0,0,0,0,0
25,124855,0,0,0,0,0
25,124941,0,0,0,0,0
25,125028,0,0,0,0,0
25,125116,0,0,0,0,0
25,125205,0,0,0,0,0
25,125295,0,0,0,0,0
25,125386,0,0,0,0,0
25,125478,0,0,0,0,0
25,125571,0,0,0,0,0
25,125665,0,0,0,0,0
25,125760,0,0,0,0,0
25,125856,0,0,0,0,0
25,125953,0,0,0,0,0
25,126051,0,0,0,0,0
25,126150,0,0,0,0,0
25,126250,0,0,0,0,0
26,126251,0,0,0,0,0
26,126253,0,0,0,0,0
26,126256,0,0,0,0,0
26,126260,0,0,0,0,0
26,126265,0,0,0,0,0
26,126271,0,0,0,0,0
26,126278,0,0,0,0,0
26,126286,0,0,0,0,0
26,126295,0,0,0,0,0
26,126305,0,0,0,0,0
26,126316,0,0,0,0,0
26,126328,0,0,0,0,0
26,126341,0,0,0,0,0
26,126355,0,0,0,0,0
26,126370,0,0,0,0,0
26,126386,0,0,0,0,0
26,126403,0,0,0,0,0
26,126421,0,0,0,0,0
26,126440,0,0,0,0,0
26,126460,0,0,0,0,0
26,126481,0,0,0,0,0
26,126503,0,0,0,0,0
26,126526,0,0,0,0,0
26,126550,0,0,0,0,0
26,126575,0,0,0,0,0
26,126601,0,0,0,0,0
26,126628,0,0,0,0,0
26,126656,0,0,0,0,0
26,126685,0,0,0,0,0
26,126715,0,0,0,0,0
26,126746,0,0,0,0,0
26,126778,0,0,0,0,0
26,126811,0,0,0,0,0
26,126845,0,0,0,0,0
26,126880,0,0,0,0,0
26,126916,0,0,0,0,0
26,126953,0,0,0,0,0
26,126991,0,0,0,0,0
26,127030,0,0,0,0,0
26,127070,0,0,0,0,0
26,127111,0,0,0,0,0
26,127153,0,0,0,0,0
26,127196,0,0,0,0,0
26,127240,0,0,0,0,0
26,127285,0,0,0,0,0
26,127331,0,0,0,0,0
26,127378,0,0,0,0,0
26,127426,0,0,0,0,0
26,127475,0,0,0,0,0
26,127525,0,0,0,0,0
26,127576,0,0,0,0,0
26,127628,0,0,0,0,0
26,127681,0,0,0,0,0
26,127735,0,0,0,0,0
26,127790,0,0,0,0,0
26,127846,0,0,0,0,0
26,127903,0,0,0,0,0
26,127961,0,0,0,0,0
26,128020,0,0,0,0,0
26,128080,0,0,0,0,0
26,128141,0,0,0,0,0
26,128203,0,0,0,0,0
26,128266,0,0,0,0,0
26,128330,0,0,0,0,0
26,128395,0,0,0,0,0
26,128461,0,0,0,0,0
26,128528,0,0,0,0,0
26,128596,0,0,0,0,0
26,128665,0,0,0,0,0
26,128735,0,0,0,0,0
26,128806,0,0,0,0,0
26,128878,0,0,0,0,0
26,128951,0,0,0,0,0
26,129025,0,0,0,0,0
26,129100,0,0,0,0,0
26,129176,0,0,0,0,0
26,129253,0,0,0,0,0
26,129331,0,0,0,0,0
26,129410,0,0,0,0,0
26,129490,0,0,0,0,0
26,129571,0,0,0,0,0
26,129653,0,0,0,0,0
26,129736,0,0,0,0,0
26,129820,0,0,0,0,0
26,129905,0,0,0,0,0
26,129991,0,0,0,0,0
26,130078,0,0,0,0,0
26,130166,0,0,0,0,0
26,130255,0,0,0,0,0
26,130345,0,0,0,0,0
26,130436,0,0,0,0,0
26,130528,0,0,0,0,0
26,130621,0,0,0,0,0
26,130715,0,0,0,0,0
26,130810,0,0,0,0,0
26,130906,0,0,0,0,0
26,131003,0,0,0,0,0
26,131101,0,0,0,0,0
26,131200,0,0,0,0,0
26,131300,0,0,0,0,0
27,131301,0,0,0,0,0
27,131303,0,0,0,0,0
27,131306,0,0,0,0,0
27,131310,0,0,0,0,0
27,131315,0,0,0,0,0
27,131321,0,0,0,0,0
27,131328,0,0,0,0,0
27,131336,0,0,0,0,0
27,131345,0,0,0,0,0
27,131355,0,0,0,0,0
27,131366,0,0,0,0,0
27,131378,0,0,0,0,0
27,131391,0,0,0,0,0
27,131405,0,0,0,0,0
27,131420,0,0,0,0,0
27,131436,0,0,0,0,0
27,131453,0,0,0,0,0
27,131471,0,0,0,0,0
27,131490,0,0,0,0,0
27,131510,0,0,0,0,0
27,131531,0,0,0,0,0
27,131553,0,0,0,0,0
27,131576,0,0,0,0,0
27,131600,0,0,0,0,0
27,131625,0,0,0,0,0
27,131651,0,0,0,0,0
27,131678,0,0,0,0,0
27,131706,0,0,0,0,0
27,131735,0,0,0,0,0
27,131765,0,0,0,0,0
27,131796,0,0,0,0,0
27,131828,0,0,0,0,0
27,131861,0,0,0,0,0
27,131895,0,0,0,0,0
27,131930,0,0,0,0,0
27,131966,0,0,0,0,0
27,132003,0,0,0,0,0
27,132041,0,0,0,0,0
27,132080,0,0,0,0,0
27,132120,0,0,0,0,0
27,132161,0,0,0,0,0
27,132203,0,0,0,0,0
27,132246,0,0,0,0,0
27,132290,0,0,0,0,0
27,132335,0,0,0,0,0
27,132381,0,0,0,0,0
27,132428,0,0,0,0,0
27,132476,0,0,0,0,0
27,132525,0,0,0,0,0
27,132575,0,0,0,0,0
27,132626,0,0,0,0,0
27,132678,0,0,0,0,0
27,132731,0,0,0,0,0
27,132785,0,0,0,0,0
27,132840,0,0,0,0,0
27,132896,0,0,0,0,0
27,132953,0,0,0,0,0
27,133011,0,0,0,0,0
27,133070,0,0,0,0,0
27,133130,0,0,0,0,0
27,133191,0,0,0,0,0
27,133253,0,0,0,0,0
27,133316,0,0,0,0,0
27,133380,0,0,0,0,0
27,133445,0,0,0,0,0
27,133511,0,0,0,0,0
27,133578,0,0,0,0,0
27,133646,0,0,0,0,0
27,133715,0,0,0,0,0
27,133785,0,0,0,0,0
27,133856,0,0,0,0,0
27,133928,0,0,0,0,0
27,134001,0,0,0,0,0
27,134075,0,0,0,0,0
27,134150,0,0,0,0,0
27,134226,0,0,0,0,0
27,134303,0,0,0,0,0
27,134381,0,0,0,0,0
27,134460,0,0,0,0,0
27,134540,0,0,0,0,0
27,134621,0,0,0,0,0
27,134703,0,0,0,0,0
27,134786,0,0,0,0,0
27,134870,0,0,0,0,0
27,134955,0,0,0,0,0
27,135041,0,0,0,0,0
27,135128,0,0,0,0,0
27,135216,0,0,0,0,0
27,135305,0,0,0,0,0
27,135395,0,0,0,0,0
27,135486,0,0,0,0,0
27,135578,0,0,0,0,0
27,135671,0,0,0,0,0
27,135765,0,0,0,0,0
27,135860,0,0,0,0,0
27,135956,0,0,0,0,0
27,136053,0,0,0,0,0
27,136151,0,0,0,0,0
27,136250,0,0,0,0,0
27,136350,0,0,0,0,0
28,136351,0,0,0,0,0
28,136353,0,0,0,0,0
28,136356,0,0,0,0,0
28,136360,0,0,0,0,0
28,136365,0,0,0,0,0
28,136371,0,0,0,0,0
28,136378,0,0,0,0,0
28,136386,0,0,0,0,0
28,136395,0,0,0,0,0
28,136405,0,0,0,0,0
28,136416,0,0,0,0,0
28,136428,0,0,0,0,0
28,136441,0,0,0,0,0
28,136455,0,0,0,0,0
28,136470,0,0,0,0,0
28,136486,0,0,0,0,0
28,136503,0,0,0,0,0
28,136521,0,0,0,0,0
28,136540,0,0,0,0,0
28,136560,0,0,0,0,0
28,136581,0,0,0,0,0
28,136603,0,0,0,0,0
28,136626,0,0,0,0,0
28,136650,0,0,0,0,0
28,136675,0,0,0,0,0
28,136701,0,0,0,0,0
28,136728,0,0,0,0,0
28,136756,0,0,0,0,0
28,136785,0,0,0,0,0
28,136815,0,0,0,0,0
28,136846,0,0,0,0,0
28,136878,0,0,0,0,0
28,136911,0,0,0,0,0
28,136945,0,0,0,0,0
28,136980,0,0,0,0,0
28,137016,0,0,0,0,0
28,137053,0,0,0,0,0
28,137091,0,0,0,0,0
28,137130,0,0,0,0,0
28,137170,0,0,0,0,0
28,137211,0,0,0,0,0
28,137253,0,0,0,0,0
28,137296,0,0,0,0,0
28,137340,0,0,0,0,0
28,137385,0,0,0,0,0
28,137431,0,0,0,0,0
28,137478,0,0,0,0,0
28,137526,0,0,0,0,0
28,137575,0,0,0,0,0
28,137625,0,0,0,0,0
28,137676,0,0,0,0,0
28,137728,0,0,0,0,0
28,137781,0,0,0,0,0
28,137835,0,0,0,0,0
28,137890,0,0,0,0,0
28,137946,0,0,0,0,0
28,138003,0,0,0,0,0
28,138061,0,0,0,0,0
28,138120,0,0,0,0,0
28,138180,0,0,0,0,0
28,138241,0,0,0,0,0
28,138303,0,0,0,0,0
28,138366,0,0,0,0,0
28,138430,0,0,0,0,0
28,138495,0,0,0,0,0
28,138561,0,0,0,0,0
28,138628,0,0,0,0,0
28,138696,0,0,0,0,0
28,138765,0,0,0,0,0
28,138835,0,0,0,0,0
28,138906,0,0,0,0,0
28,138978,0,0,0,0,0
28,139051,0,0,0,0,0
28,139125,0,0,0,0,0
28,139200,0,0,0,0,0
28,139276,0,0,0,0,0
28,139353,0,0,0,0,0
28,139431,0,0,0,0,0
28,139510,0,0,0,0,0
28,139590,0,0,0,0,0
28,139671,0,0,0,0,0
28,139753,0,0,0,0,0
28,139836,0,0,0,0,0
28,139920,0,0,0,0,0
28,140005,0,0,0,0,0
28,140091,0,0,0,0,0
28,140178,0,0,0,0,0
28,140266,0,0,0,0,0
28,140355,0,0,0,0,0
28,140445,0,0,0,0,0
28,140536,0,0,0,0,0
28,140628,0,0,0,0,0
28,140721,0,0,0,0,0
28,140815,0,0,0,0,0
28,140910,0,0,0,0,0
28,141006,0,0,0,0,0
28,141103,0,0,0,0,0
28,141201,0,0,0,0,0
28,141300,0,0,0,0,0
28,141400,0,0,0,0,0
29,141401,0,0,0,0,0
29,141403,0,0,0,0,0
29,141406,0,0,0,0,0
29,141410,0,0,0,0,0
29,141415,0,0,0,0,0
29,141421,0,0,0,0,0
29,141428,0,0,0,0,0
29,141436,0,0,0,0,0
29,141445,0,0,0,0,0
29,141455,0,0,0,0,0
29,141466,0,0,0,0,0
29,141478,0,0,0,0,0
29,141491,0,0,0,0,0
29,141505,0,0,0,0,0
29,141520,0,0,0,0,0
29,141536,0,0,0,0,0
29,141553,0,0,0,0,0
29,141571,0,0,0,0,0
29,141590,0,0,0,0,0
29,141610,0,0,0,0,0
29,141631,0,0,0,0,0
29,141653,0,0,0,0,0
29,141676,0,0,0,0,0
29,141700,0,0,0,0,0
29,141725,0,0,0,0,0
29,141751,0,0,0,0,0
29,141778,0,0,0,0,0
29,141806,0,0,0,0,0
29,141835,0,0,0,0,0
29,141865,0,0,0,0,0
29,141896,0,0,0,0,0
29,141928,0,0,0,0,0
29,141961,0,0,0,0,0
29,141995,0,0,0,0,0
29,142030,0,0,0,0,0
29,142066,0,0,0,0,0
29,142103,0,0,0,0,0
29,142141,0,0,0,0,0
29,142180,0,0,0,0,0
29,142220,0,0,0,0,0
29,142261,0,0,0,0,0
29,142303,0,0,0,0,0
29,142346,0,0,0,0,0
29,142390,0,0,0,0,0
29,142435,0,0,0,0,0
29,142481,0,0,0,0,0
29,142528,0,0,0,0,0
29,142576,0,0,0,0,0
29,142625,0,0,0,0,0
29,142675,0,0,0,0,0
29,142726,0,0,0,0,0
29,142778,0,0,0,0,0
29,142831,0,0,0,0,0
29,142885,0,0,0,0,0
29,142940,0,0,0,0,0
29,142996,0,0,0,0,0
29,143053,0,0,0,0,0
29,143111,0,0,0,0,0
29,143170,0,0,0,0,0
29,143230,0,0,0,0,0
29,143291,0,0,0,0,0
29,143353,0,0,0,0,0
29,143416,0,0,0,0,0
29,143480,0,0,0,0,0
29,143545,0,0,0,0,0
29,143611,0,0,0,0,0
29,143678,0,0,0,0,0
29,143746,0,0,0,0,0
29,143815,0,0,0,0,0
29,143885,0,0,0,0,0
29,143956,0,0,0,0,0
29,144028,0,0,0,0,0
29,144101,0,0,0,0,0
29,144175,0,0,0,0,0
29,144250,0,0,0,0,0
29,144326,0,0,0,0,0
29,144403,0,0,0,0,0
29,144481,0,0,0,0,0
29,144560,0,0,0,0,0
29,144640,0,0,0,0,0
29,144721,0,0,0,0,0
29,144803,0,0,0,0,0
29,144886,0,0,0,0,0
29,144970,0,0,0,0,0
29,145055,0,0,0,0,0
29,145141,0,0,0,0,0
29,145228,0,0,0,0,0
29,145316,0,0,0,0,0
29,145405,0,0,0,0,0
29,145495,0,0,0,0,0
29,145586,0,0,0,0,0
29,145678,0,0,0,0,0
29,145771,0,0,0,0,0
29,145865,0,0,0,0,0
29,145960,0,0,0,0,0
29,146056,0,0,0,0,0
29,146153,0,0,0,0,0
29,146251,0,0,0,0,0
29,146350,0,0,0,0,0
29,146450,0,0,0,0,0
30,146451,0,0,0,0,0
30,146453,0,0,0,0,0
30,146456,0,0,0,0,0
30,146460,0,0,0,0,0
30,146465,0,0,0,0,0
30,146471,0,0,0,0,0
30,146478,0,0,0,0,0
30,146486,0,0,0,0,0
30,146495,0,0,0,0,0
30,146505,0,0,0,0,0
30,146516,0,0,0,0,0
30,146528,0,0,0,0,0
30,146541,0,0,0,0,0
30,146555,0,0,0,0,0
30,146570,0,0,0,0,0
30,146586,0,0,0,0,0
30,146603,0,0,0,0,0
30,146621,0,0,0,0,0
30,146640,0,0,0,0,0
30,146660,0,0,0,0,0
30,146681,0,0,0,0,0
30,146703,0,0,0,0,0
30,146726,0,0,0,0,0
30,146750,0,0,0,0,0
30,146775,0,0,0,0,0
30,146801,0,0,0,0,0
30,146828,0,0,0,0,0
30,146856,0,0,0,0,0
30,146885,0,0,0,0,0
30,146915,0,0,0,0,0
30,146946,0,0,0,0,0
30,146978,0,0,0,0,0
30,147011,0,0,0,0,0
30,147045,0,0,0,0,0
30,147080,0,0,0,0,0
30,147116,0,0,0,0,0
30,147153,0,0,0,0,0
30,147191,0,0,0,0,0
30,147230,0,0,0,0,0
30,147270,0,0,0,0,0
30,147311,0,0,0,0,0
30,147353,0,0,0,0,0
30,147396,0,0,0,0,0
30,147440,0,0,0,0,0
30,147485,0,0,0,0,0
30,147531,0,0,0,0,0
30,147578,0,0,0,0,0
30,147626,0,0,0,0,0
30,147675,0,0,0,0,0
30,147725,0,0,0,0,0
30,147776,0,0,0,0,0
30,147828,0,0,0,0,0
30,147881,0,0,0,0,0
30,147935,0,0,0,0,0
30,147990,0,0,0,0,0
30,148046,0,0,0,0,0
30,148103,0,0,0,0,0
30,148161,0,0,0,0,0
30,148220,0,0,0,0,0
30,148280,0,0,0,0,0
30,148341,0,0,0,0,0
30,148403,0,0,0,0,0
30,148466,0,0,0,0,0
30,148530,0,0,0,0,0
30,148595,0,0,0,0,0
30,148661,0,0,0,0,0
30,148728,0,0,0,0,0
30,148796,0,0,0,0,0
30,148865,0,0,0,0,0
30,148935,0,0,0,0,0
30,149006,0,0,0,0,0
30,149078,0,0,0,0,0
30,149151,0,0,0,0,0
30,149225,0,0,0,0,0
30,149300,0,0,0,0,0
30,149376,0,0,0,0,0
30,149453,0,0,0,0,0
30,149531,0,0,0,0,0
30,149610,0,0,0,0,0
30,149690,0,0,0,0,0
30,149771,0,0,0,0,0
30,149853,0,0,0,0,0
30,149936,0,0,0,0,0
30,150020,0,0,0,0,0
30,150105,0,0,0,0,0
30,150191,0,0,0,0,0
30,150278,0,0,0,0,0
30,150366,0,0,0,0,0
30,150455,0,0,0,0,0
30,150545,0,0,0,0,0
30,150636,0,0,0,0,0
30,150728,0,0,0,0,0
30,150821,0,0,0,0,0
30,150915,0,0,0,0,0
30,151010,0,0,0,0,0
30,151106,0,0,0,0,0
30,151203,0,0,0,0,0
30,151301,0,0,0,0,0
30,151400,0,0,0,0,0
30,151500,0,0,0,0,0
31,151501,0,0,0,0,0
31,151503,0,0,0,0,0
31,151506,0,0,0,0,0
31,151510,0,0,0,0,0
31,151515,0,0,0,0,0
31,151521,0,0,0,0,0
31,151528,0,0,0,0,0
31,151536,0,0,0,0,0
31,151545,0,0,0,0,0
31,151555,0,0,0,0,0
31,151566,0,0,0,0,0
31,151578,0,0,0,0,0
31,151591,0,0,0,0,0
31,151605,0,0,0,0,0
31,151620,0,0,0,0,0
31,151636,0,0,0,0,0
31,151653,0,0,0,0,0
31,151671,0,0,0,0,0
31,151690,0,0,0,0,0
31,151710,0,0,0,0,0
31,151731,0,0,0,0,0
31,151753,0,0,0,0,0
31,151776,0,0,0,0,0
31,151800,0,0,0,0,0
31,151825,0,0,0,0,0
31,151851,0,0,0,0,0
31,151878,0,0,0,0,0
31,151906,0,0,0,0,0
31,151935,0,0,0,0,0
31,151965,0,0,0,0,0
31,151996,0,0,0,0,0
31,152028,0,0,0,0,0
31,152061,0,0,0,0,0
31,152095,0,0,0,0,0
31,152130,0,0,0,0,0
31,152166,0,0,0,0,0
31,152203,0,0,0,0,0
31,152241,0,0,0,0,0
31,152280,0,0,0,0,0
31,152320,0,0,0,0,0
31,152361,0,0,0,0,0
31,152403,0,0,0,0,0
31,152446,0,0,0,0,0
31,152490,0,0,0,0,0
31,152535,0,0,0,0,0
31,152581,0,0,0,0,0
31,152628,0,0,0,0,0
31,152676,0,0,0,0,0
31,152725,0,0,0,0,0
31,152775,0,0,0,0,0
31,152826,0,0,0,0,0
31,152878,0,0,0,0,0
31,152931,0,0,0,0,0
31,152985,0,0,0,0,0
31,153040,0,0,0,0,0
31,153096,0,0,0,0,0
31,153153,0,0,0,0,0
31,153211,0,0,0,0,0
31,153270,0,0,0,0,0
31,153330,0,0,0,0,0
31,153391,0,0,0,0,0
31,153453,0,0,0,0,0
31,153516,0,0,0,0,0
31,153580,0,0,0,0,0
31,153645,0,0,0,0,0
31,153711,0,0,0,0,0
31,153778,0,0,0,0,0
31,153846,0,0,0,0,0
31,153915,0,0,0,0,0
31,153985,0,0,0,0,0
31,154056,0,0,0,0,0
31,154128,0,0,0,0,0
31,154201,0,0,0,0,0
31,154275,0,0,0,0,0
31,154350,0,0,0,0,0
31,154426,0,0,0,0,0
31,154503,0,0,0,0,0
31,154581,0,0,0,0,0
31,154660,0,0,0,0,0
31,154740,0,0,0,0,0
31,154821,0,0,0,0,0
31,154903,0,0,0,0,0
31,154986,0,0,0,0,0
31,155070,0,0,0,0,0
31,155155,0,0,0,0,0
31,155241,0,0,0,0,0
31,155328,0,0,0,0,0
31,155416,0,0,0,0,0
31,155505,0,0,0,0,0
31,155595,0,0,0,0,0
31,155686,0,0,0,0,0
31,155778,0,0,0,0,0
31,155871,0,0,0,0,0
31,155965,0,0,0,0,0
31,156060,0,0,0,0,0
31,156156,0,0,0,0,0
31,156253,0,0,0,0,0
31,156351,0,0,0,0,0
31,156450,0,0,0,0,0
31,156550,0,0,0,0,0
32,156551,0,0,0,0,0
32,156553,0,0,0,0,0
32,156556,0,0,0,0,0
32,156560,0,0,0,0,0
32,156565,0,0,0,0,0
32,156571,0,0,0,0,0
32,156578,0,0,0,0,0
32,156586,0,0,0,0,0
32,156595,0,0,0,0,0
32,156605,0,0,0,0,0
32,156616,0,0,0,0,0
32,156628,0,0,0,0,0
32,156641,0,0,0,0,0
32,156655,0,0,0,0,0
32,156670,0,0,0,0,0
32,156686,0,0,0,0,0
32,156703,0,0,0,0,0
32,156721,0,0,0,0,0
32,156740,0,0,0,0,0
32,156760,0,0,0,0,0
32,156781,0,0,0,0,0
32,156803,0,0,0,0,0
32,156826,0,0,0,0,0
32,156850,0,0,0,0,0
32,156875,0,0,0,0,0
32,156901,0,0,0,0,0
32,156928,0,0,0,0,0
32,156956,0,0,0,0,0
32,156985,0,0,0,0,0
32,157015,0,0,0,0,0
32,157046,0,0,0,0,0
32,157078,0,0,0,0,0
32,157111,0,0,0,0,0
32,157145,0,0,0,0,0
32,157180,0,0,0,0,0
32,157216,0,0,0,0,0
32,157253,0,0,0,0,0
32,157291,0,0,0,0,0
32,157330,0,0,0,0,0
32,157370,0,0,0,0,0
32,157411,0,0,0,0,0
32,157453,0,0,0,0,0
32,157496,0,0,0,0,0
32,157540,0,0,0,0,0
32,157585,0,0,0,0,0
32,157631,0,0,0,0,0
32,157678,0,0,0,0,0
32,157726,0,0,0,0,0
32,157775,0,0,0,0,0
32,157825,0,0,0,0,0
32,157876,0,0,0,0,0
32,157928,0,0,0,0,0
32,157981,0,0,0,0,0
32,158035,0,0,0,0,0
32,158090,0,0,0,0,0
32,158146,0,0,0,0,0
32,158203,0,0,0,0,0
32,158261,0,0,0,0,0
32,158320,0,0,0,0,0
32,158380,0,0,0,0,0
32,158441,0,0,0,0,0
32,158503,0,0,0,0,0
32,158566,0,0,0,0,0
32,158630,0,0,0,0,0
32,158695,0,0,0,0,0
32,158761,0,0,0,0,0
32,158828,0,0,0,0,0
32,158896,0,0,0,0,0
32,158965,0,0,0,0,0
32,159035,0,0,0,0,0
32,159106,0,0,0,0,0
32,159178,0,0,0,0,0
32,159251,0,0,0,0,0
32,159325,0,0,0,0,0
32,159400,0,0,0,0,0
32,159476,0,0,0,0,0
32,159553,0,0,0,0,0
32,159631,0,0,0,0,0
32,159710,0,0,0,0,0
32,159790,0,0,0,0,0
32,159871,0,0,0,0,0
32,159953,0,0,0,0,0
32,160036,0,0,0,0,0
32,160120,0,0,0,0,0
32,160205,0,0,0,0,0
32,160291,0,0,0,0,0
32,160378,0,0,0,0,0
32,160466,0,0,0,0,0
32,160555,0,0,0,0,0
32,160645,0,0,0,0,0
32,160736,0,0,0,0,0
32,160828,0,0,0,0,0
32,160921,0,0,0,0,0
32,161015,0,0,0,0,0
32,161110,0,0,0,0,0
32,161206,0,0,0,0,0
32,161303,0,0,0,0,0
32,161401,0,0,0,0,0
32,161500,0,0,0,0,0
32,161600,0,0,0,0,0
33,161601,0,0,0,0,0
33,161603,0,0,0,0,0
33,161606,0,0,0,0,0
33,161610,0,0,0,0,0
33,161615,0,0,0,0,0
33,161621,0,0,0,0,0
33,161628,0,0,0,0,0
33,161636,0,0,0,0,0
33,161645,0,0,0,0,0
33,161655,0,0,0,0,0
33,161666,0,0,0,0,0
33,161678,0,0,0,0,0
33,161691,0,0,0,0,0
33,161705,0,0,0,0,0
33,161720,0,0,0,0,0
33,161736,0,0,0,0,0
33,161753,0,0,0,0,0
33,161771,0,0,0,0,0
33,161790,0,0,0,0,0
33,161810,0,0,0,0,0
33,161831,0,0,0,0,0
33,161853,0,0,0,0,0
33,161876,0,0,0,0,0
33,161900,0,0,0,0,0
33,161925,0,0,0,0,0
33,161951,0,0,0,0,0
33,161978,0,0,0,0,0
33,162006,0,0,0,0,0
33,162035,0,0,0,0,0
33,162065,0,0,0,0,0
33,162096,0,0,0,0,0
33,162128,0,0,0,0,0
33,162161,0,0,0,0,0
33,162195,0,0,0,0,0
33,162230,0,0,0,0,0
33,162266,0,0,0,0,0
33,162303,0,0,0,0,0
33,162341,0,0,0,0,0
33,162380,0,0,0,0,0
33,162420,0,0,0,0,0
33,162461,0,0,0,0,0
33,162503,0,0,0,0,0
33,162546,0,0,0,0,0
33,162590,0,0,0,0,0
33,162635,0,0,0,0,0
33,162681,0,0,0,0,0
33,162728,0,0,0,0,0
33,162776,0,0,0,0,0
33,162825,0,0,0,0,0
33,162875,0,0,0,0,0
33,162926,0,0,0,0,0
33,162978,0,0,0,0,0
33,163031,0,0,0,0,0
33,163085,0,0,0,0,0
33,163140,0,0,0,0,0
33,163196,0,0,0,0,0
33,163253,0,0,0,0,0
33,163311,0,0,0,0,0
33,163370,0,0,0,0,0
33,163430,0,0,0,0,0
33,163491,0,0,0,0,0
33,163553,0,0,0,0,0
33,163616,0,0,0,0,0
33,163680,0,0,0,0,0
33,163745,0,0,0,0,0
33,163811,0,0,0,0,0
33,163878,0,0,0,0,0
33,163946,0,0,0,0,0
33,164015,0,0,0,0,0
33,164085,0,0,0,0,0
33,164156,0,0,0,0,0
33,164228,0,0,0,0,0
33,164301,0,0,0,0,0
33,164375,0,0,0,0,0
33,164450,0,0,0,0,0
33,164526,0,0,0,0,0
33,164603,0,0,0,0,0
33,164681,0,0,0,0,0
33,164760,0,0,0,0,0
33,164840,0,0,0,0,0
33,164921,0,0,0,0,0
33,165003,0,0,0,0,0
33,165086,0,0,0,0,0
33,165170,0,0,0,0,0
33,165255,0,0,0,0,0
33,165341,0,0,0,0,0
33,165428,0,0,0,0,0
33,165516,0,0,0,0,0
33,165605,0,0,0,0,0
33,165695,0,0,0,0,0
33,165786,0,0,0,0,0
33,165878,0,0,0,0,0
33,165971,0,0,0,0,0
33,166065,0,0,0,0,0
33,166160,0,0,0,0,0
33,166256,0,0,0,0,0
33,166353,0,0,0,0,0
33,166451,0,0,0,0,0
33,166550,0,0,0,0,0
33,166650,0,0,0,0,0
34,166651,0,0,0,0,0
34,166653,0,0,0,0,0
34,166656,0,0,0,0,0
34,166660,0,0,0,0,0
34,166665,0,0,0,0,0
34,166671,0,0,0,0,0
34,166678,0,0,0,0,0
34,166686,0,0,0,0,0
34,166695,0,0,0,0,0
34,166705,0,0,0,0,0
34,166716,0,0,0,0,0
34,166728,0,0,0,0,0
34,166741,0,0,0,0,0
34,166755,0,0,0,0,0
34,166770,0,0,0,0,0
34,166786,0,0,0,0,0
34,166803,0,0,0,0,0
34,166821,0,0,0,0,0
34,166840,0,0,0,0,0
34,166860,0,0,0,0,0
34,166881,0,0,0,0,0
34,166903,0,0,0,0,0
34,166926,0,0,0,0,0
34,166950,0,0,0,0,0
34,166975,0,0,0,0,0
34,167001,0,0,0,0,0
34,167028,0,0,0,0,0
34,167056,0,0,0,0,0
34,167085,0,0,0,0,0
34,167115,0,0,0,0,0
34,167146,0,0,0,0,0
34,167178,0,0,0,0,0
34,167211,0,0,0,0,0
34,167245,0,0,0,0,0
34,167280,0,0,0,0,0
34,167316,0,0,0,0,0
34,167353,0,0,0,0,0
34,167391,0,0,0,0,0
34,167430,0,0,0,0,0
34,167470,0,0,0,0,0
34,167511,0,0,0,0,0
34,167553,0,0,0,0,0
34,167596,0,0,0,0,0
34,167640,0,0,0,0,0
34,167685,0,0,0,0,0
34,167731,0,0,0,0,0
34,167778,0,0,0,0,0
34,167826,0,0,0,0,0
34,167875,0,0,0,0,0
34,167925,0,0,0,0,0
34,167976,0,0,0,0,0
34,168028,0,0,0,0,0
34,168081,0,0,0,0,0
34,168135,0,0,0,0,0
34,168190,0,0,0,0,0
34,168246,0,0,0,0,0
34,168303,0,0,0,0,0
34,168361,0,0,0,0,0
34,168420,0,0,0,0,0
34,168480,0,0,0,0,0
34,168541,0,0,0,0,0
34,168603,0,0,0,0,0
34,168666,0,0,0,0,0
34,168730,0,0,0,0,0
34,168795,0,0,0,0,0
34,168861,0,0,0,0,0
34,168928,0,0,0,0,0
34,168996,0,0,0,0,0
34,169065,0,0,0,0,0
34,169135,0,0,0,0,0
34,169206,0,0,0,0,0
34,169278,0,0,0,0,0
34,169351,0,0,0,0,0
34,169425,0,0,0,0,0
34,169500,0,0,0,0,0
34,169576,0,0,0,0,0
34,169653,0,0,0,0,0
34,169731,0,0,0,0,0
34,169810,0,0,0,0,0
34,169890,0,0,0,0,0
34,169971,0,0,0,0,0
34,170053,0,0,0,0,0
34,170136,0,0,0,0,0
34,170220,0,0,0,0,0
34,170305,0,0,0,0,0
34,170391,0,0,0,0,0
34,170478,0,0,0,0,0
34,170566,0,0,0,0,0
34,170655,0,0,0,0,0
34,170745,0,0,0,0,0
34,170836,0,0,0,0,0
34,170928,0,0,0,0,0
34,171021,0,0,0,0,0
34,171115,0,0,0,0,0
34,171210,0,0,0,0,0
34,171306,0,0,0,0,0
34,171403,0,0,0,0,0
34,171501,0,0,0,0,0
34,171600,0,0,0,0,0
34,171700,0,0,0,0,0
35,171701,0,0,0,0,0
35,171703,0,0,0,0,0
35,171706,0,0,0,0,0
35,171710,0,0,0,0,0
35,171715,0,0,0,0,0
35,171721,0,0,0,0,0
35,171728,0,0,0,0,0
35,171736,0,0,0,0,0
35,171745,0,0,0,0,0
35,171755,0,0,0,0,0
35,171766,0,0,0,0,0
35,171778,0,0,0,0,0
35,171791,0,0,0,0,0
35,171805,0,0,0,0,0
35,171820,0,0,0,0,0
35,171836,0,0,0,0,0
35,171853,0,0,0,0,0
35,171871,0,0,0,0,0
35,171890,0,0,0,0,0
35,171910,0,0,0,0,0
35,171931,0,0,0,0,0
35,171953,0,0,0,0,0
35,171976,0,0,0,0,0
35,172000,0,0,0,0,0
35,172025,0,0,0,0,0
35,172051,0,0,0,0,0
35,172078,0,0,0,0,0
35,172106,0,0,0,0,0
35,172135,0,0,0,0,0
35,172165,0,0,0,0,0
35,172196,0,0,0,0,0
35,172228,0,0,0,0,0
35,172261,0,0,0,0,0
35,172295,0,0,0,0,0
35,172330,0,0,0,0,0
35,172366,0,0,0,0,0
35,172403,0,0,0,0,0
35,172441,0,0,0,0,0
35,172480,0,0,0,0,0
35,172520,0,0,0,0,0
35,172561,0,0,0,0,0
35,172603,0,0,0,0,0
35,172646,0,0,0,0,0
35,172690,0,0,0,0,0
35,172735,0,0,0,0,0
35,172781,0,0,0,0,0
35,172828,0,0,0,0,0
35,172876,0,0,0,0,0
35,172925,0,0,0,0,0
35,172975,0,0,0,0,0
35,173026,0,0,0,0,0
35,173078,0,0,0,0,0
35,173131,0,0,0,0,0
35,173185,0,0,0,0,0
35,173240,0,0,0,0,0
35,173296,0,0,0,0,0
35,173353,0,0,0,0,0
35,173411,0,0,0,0,0
35,173470,0,0,0,0,0
35,173530,0,0,0,0,0
35,173591,0,0,0,0,0
35,173653,0,0,0,0,0
35,173716,0,0,0,0,0
35,173780,0,0,0,0,0
35,173845,0,0,0,0,0
35,173911,0,0,0,0,0
35,173978,0,0,0,0,0
35,174046,0,0,0,0,0
35,174115,0,0,0,0,0
35,174185,0,0,0,0,0
35,174256,0,0,0,0,0
35,174328,0,0,0,0,0
35,174401,0,0,0,0,0
35,174475,0,0,0,0,0
35,174550,0,0,0,0,0
35,174626,0,0,0,0,0
35,174703,0,0,0,0,0
35,174781,0,0,0,0,0
35,174860,0,0,0,0,0
35,174940,0,0,0,0,0
35,175021,0,0,0,0,0
35,175103,0,0,0,0,0
35,175186,0,0,0,0,0
35,175270,0,0,0,0,0
35,175355,0,0,0,0,0
35,175441,0,0,0,0,0
35,175528,0,0,0,0,0
35,175616,0,0,0,0,0
35,175705,0,0,0,0,0
35,175795,0,0,0,0,0
35,175886,0,0,0,0,0
35,175978,0,0,0,0,0
35,176071,0,0,0,0,0
35,176165,0,0,0,0,0
35,176260,0,0,0,0,0
35,176356,0,0,0,0,0
35,176453,0,0,0,0,0
35,176551,0,0,0,0,0
35,176650,0,0,0,0,0
35,176750,0,0,0,0,0
36,176751,0,0,0,0,0
36,176753,0,0,0,0,0
36,176756,0,0,0,0,0
36,176760,0,0,0,0,0
36,176765,0,0,0,0,0
36,176771,0,0,0,0,0
36,176778,0,0,0,0,0
36,176786,0,0,0,0,0
36,176795,0,0,0,0,0
36,176805,0,0,0,0,0
36,176816,0,0,0,0,0
36,176828,0,0,0,0,0
36,176841,0,0,0,0,0
36,176855,0,0,0,0,0
36,176870,0,0,0,0,0
36,176886,0,0,0,0,0
36,176903,0,0,0,0,0
36,176921,0,0,0,0,0
36,176940,0,0,0,0,0
36,176960,0,0,0,0,0
36,176981,0,0,0,0,0
36,177003,0,0,0,0,0
36,177026,0,0,0,0,0
36,177050,0,0,0,0,0
36,177075,0,0,0,0,0
36,177101,0,0,0,0,0
36,177128,0,0,0,0,0
36,177156,0,0,0,0,0
36,177185,0,0,0,0,0
36,177215,0,0,0,0,0
36,177246,0,0,0,0,0
36,177278,0,0,0,0,0
36,177311,0,0,0,0,0
36,177345,0,0,0,0,0
36,177380,0,0,0,0,0
36,177416,0,0,0,0,0
36,177453,0,0,0,0,0
36,177491,0,0,0,0,0
36,177530,0,0,0,0,0
36,177570,0,0,0,0,0
36,177611,0,0,0,0,0
36,177653,0,0,0,0,0
36,177696,0,0,0,0,0
36,177740,0,0,0,0,0
36,177785,0,0,0,0,0
36,177831,0,0,0,0,0
36,177878,0,0,0,0,0
36,177926,0,0,0,0,0
36,177975,0,0,0,0,0
36,178025,0,0,0,0,0
36,178076,0,0,0,0,0
36,178128,0,0,0,0,0
36,178181,0,0,0,0,0
36,178235,0,0,0,0,0
36,178290,0,0,0,0,0
36,178346,0,0,0,0,0
36,178403,0,0,0,0,0
36,178461,0,0,0,0,0
36,178520,0,0,0,0,0
36,178580,0,0,0,0,0
36,178641,0,0,0,0,0
36,178703,0,0,0,0,0
36,178766,0,0,0,0,0
36,178830,0,0,0,0,0
36,178895,0,0,0,0,0
36,178961,0,0,0,0,0
36,179028,0,0,0,0,0
36,179096,0,0,0,0,0
36,179165,0,0,0,0,0
36,179235,0,0,0,0,0
36,179306,0,0,0,0,0
36,179378,0,0,0,0,0
36,179451,0,0,0,0,0
36,179525,0,0,0,0,0
36,179600,0,0,0,0,0
36,179676,0,0,0,0,0
36,179753,0,0,0,0,0
36,179831,0,0,0,0,0
36,179910,0,0,0,0,0
36,179990,0,0,0,0,0
36,180071,0,0,0,0,0
36,180153,0,0,0,0,0
36,180236,0,0,0,0,0
36,180320,0,0,0,0,0
36,180405,0,0,0,0,0
36,180491,0,0,0,0,0
36,180578,0,0,0,0,0
36,180666,0,0,0,0,0
36,180755,0,0,0,0,0
36,180845,0,0,0,0,0
36,180936,0,0,0,0,0
36,181028,0,0,0,0,0
36,181121,0,0,0,0,0
36,181215,0,0,0,0,0
36,181310,0,0,0,0,0
36,181406,0,0,0,0,0
36,181503,0,0,0,0,0
36,181601,0,0,0,0,0
36,181700,0,0,0,0,0
36,181800,0,0,0,0,0
37,181801,0,0,0,0,0
37,181803,0,0,0,0,0
37,181806,0,0,0,0,0
37,181810,0,0,0,0,0
37,181815,0,0,0,0,0
37,181821,0,0,0,0,0
37,181828,0,0,0,0,0
37,181836,0,0,0,0,0
37,181845,0,0,0,0,0
37,181855,0,0,0,0,0
37,181866,0,0,0,0,0
37,181878,0,0,0,0,0
37,181891,0,0,0,0,0
37,181905,0,0,0,0,0
37,181920,0,0,0,0,0
37,181936,0,0,0,0,0
37,181953,0,0,0,0,0
37,181971,0,0,0,0,0
37,181990,0,0,0,0,0
37,182010,0,0,0,0,0
37,182031,0,0,0,0,0
37,182053,0,0,0,0,0
37,182076,0,0,0,0,0
37,182100,0,0,0,0,0
37,182125,0,0,0,0,0
37,182151,0,0,0,0,0
37,182178,0,0,0,0,0
37,182206,0,0,0,0,0
37,182235,0,0,0,0,0
37,182265,0,0,0,0,0
37,182296,0,0,0,0,0
37,182328,0,0,0,0,0
37,182361,0,0,0,0,0
37,182395,0,0,0,0,0
37,182430,0,0,0,0,0
37,182466,0,0,0,0,0
37,182503,0,0,0,0,0
37,182541,0,0,0,0,0
37,182580,0,0,0,0,0
37,182620,0,0,0,0,0
37,182661,0,0,0,0,0
37,182703,0,0,0,0,0
37,182746,0,0,0,0,0
37,182790,0,0,0,0,0
37,182835,0,0,0,0,0
37,182881,0,0,0,0,0
37,182928,0,0,0,0,0
37,182976,0,0,0,0,0
37,183025,0,0,0,0,0
37,183075,0,0,0,0,0
37,183126,0,0,0,0,0
37,183178,0,0,0,0,0
37,183231,0,0,0,0,0
37,183285,0,0,0,0,0
37,183340,0,0,0,0,0
37,183396,0,0,0,0,0
37,183453,0,0,0,0,0
37,183511,0,0,0,0,0
37,183570,0,0,0,0,0
37,183630,0,0,0,0,0
37,183691,0,0,0,0,0
37,183753,0,0,0,0,0
37,183816,0,0,0,0,0
37,183880,0,0,0,0,0
37,183945,0,0,0,0,0
37,184011,0,0,0,0,0
37,184078,0,0,0,0,0
37,184146,0,0,0,0,0
37,184215,0,0,0,0,0
37,184285,0,0,0,0,0
37,184356,0,0,0,0,0
37,184428,0,0,0,0,0
37,184501,0,0,0,0,0
37,184575,0,0,0,0,0
37,184650,0,0,0,0,0
37,184726,0,0,0,0,0
37,184803,0,0,0,0,0
37,184881,0,0,0,0,0
37,184960,0,0,0,0,0
37,185040,0,0,0,0,0
37,185121,0,0,0,0,0
37,185203,0,0,0,0,0
37,185286,0,0,0,0,0
37,185370,0,0,0,0,0
37,185455,0,0,0,0,0
37,185541,0,0,0,0,0
37,185628,0,0,0,0,0
37,185716,0,0,0,0,0
37,185805,0,0,0,0,0
37,185895,0,0,0,0,0
37,185986,0,0,0,0,0
37,186078,0,0,0,0,0
37,186171,0,0,0,0,0
37,186265,0,0,0,0,0
37,186360,0,0,0,0,0
37,186456,0,0,0,0,0
37,186553,0,0,0,0,0
37,186651,0,0,0,0,0
37,186750,0,0,0,0,0
37,186850,0,0,0,0,0
38,186851,0,0,0,0,0
38,186853,0,0,0,0,0
38,186856,0,0,0,0,0
38,186860,0,0,0,0,0
38,186865,0,0,0,0,0
38,186871,0,0,0,0,0
38,186878,0,0,0,0,0
38,186886,0,0,0,0,0
38,186895,0,0,0,0,0
38,186905,0,0,0,0,0
38,186916,0,0,0,0,0
38,186928,0,0,0,0,0
38,186941,0,0,0,0,0
38,186955,0,0,0,0,0
38,186970,0,0,0,0,0
38,186986,0,0,0,0,0
38,187003,0,0,0,0,0
38,187021,0,0,0,0,0
38,187040,0,0,0,0,0
38,187060,0,0,0,0,0
38,187081,0,0,0,0,0
38,187103,0,0,0,0,0
38,187126,0,0,0,0,0
38,187150,0,0,0,0,0
38,187175,0,0,0,0,0
38,187201,0,0,0,0,0
38,187228,0,0,0,0,0
38,187256,0,0,0,0,0
38,187285,0,0,0,0,0
38,187315,0,0,0,0,0
38,187346,0,0,0,0,0
38,187378,0,0,0,0,0
38,187411,0,0,0,0,0
38,187445,0,0,0,0,0
38,187480,0,0,0,0,0
38,187516,0,0,0,0,0
38,187553,0,0,0,0,0
38,187591,0,0,0,0,0
38,187630,0,0,0,0,0
38,187670,0,0,0,0,0
38,187711,0,0,0,0,0
38,187753,0,0,0,0,0
38,187796,0,0,0,0,0
38,187840,0,0,0,0,0
38,187885,0,0,0,0,0
38,187931,0,0,0,0,0
38,187978,0,0,0,0,0
38,188026,0,0,0,0,0
38,188075,0,0,0,0,0
38,188125,0,0,0,0,0
38,188176,0,0,0,0,0
38,188228,0,0,0,0,0
38,188281,0,0,0,0,0
38,188335,0,0,0,0,0
38,188390,0,0,0,0,0
38,188446,0,0,0,0,0
38,188503,0,0,0,0,0
38,188561,0,0,0,0,0
38,188620,0,0,0,0,0
38,188680,0,0,0,0,0
38,188741,0,0,0,0,0
38,188803,0,0,0,0,0
38,188866,0,0,0,0,0
38,188930,0,0,0,0,0
38,188995,0,0,0,0,0
38,189061,0,0,0,0,0
38,189128,0,0,0,0,0
38,189196,0,0,0,0,0
38,189265,0,0,0,0,0
38,189335,0,0,0,0,0
38,189406,0,0,0,0,0
38,189478,0,0,0,0,0
38,189551,0,0,0,0,0
38,189625,0,0,0,0,0
38,189700,0,0,0,0,0
38,189776,0,0,0,0,0
38,189853,0,0,0,0,0
38,189931,0,0,0,0,0
38,190010,0,0,0,0,0
38,190090,0,0,0,0,0
38,190171,0,0,0,0,0
38,190253,0,0,0,0,0
38,190336,0,0,0,0,0
38,190420,0,0,0,0,0
38,190505,0,0,0,0,0
38,190591,0,0,0,0,0
38,190678,0,0,0,0,0
38,190766,0,0,0,0,0
38,190855,0,0,0,0,0
38,190945,0,0,0,0,0
38,191036,0,0,0,0,0
38,191128,0,0,0,0,0
38,191221,0,0,0,0,0
38,191315,0,0,0,0,0
38,191410,0,0,0,0,0
38,191506,0,0,0,0,0
38,191603,0,0,0,0,0
38,191701,0,0,0,0,0
38,191800,0,0,0,0,0
38,191900,0,0,0,0,0
39,191901,0,0,0,0,0
39,191903,0,0,0,0,0
39,191906,0,0,0,0,0
39,191910,0,0,0,0,0
39,191915,0,0,0,0,0
39,191921,0,0,0,0,0
39,191928,0,0,0,0,0
39,191936,0,0,0,0,0
39,191945,0,0,0,0,0
39,191955,0,0,0,0,0
39,191966,0,0,0,0,0
39,191978,0,0,0,0,0
39,191991,0,0,0,0,0
39,192005,0,0,0,0,0
39,192020,0,0,0,0,0
39,192036,0,0,0,0,0
39,192053,0,0,0,0,0
39,192071,0,0,0,0,0
39,192090,0,0,0,0,0
39,192110,0,0,0,0,0
39,192131,0,0,0,0,0
39,192153,0,0,0,0,0
39,192176,0,0,0,0,0
39,192200,0,0,0,0,0
39,192225,0,0,0,0,0
39,192251,0,0,0,0,0
39,192278,0,0,0,0,0
39,192306,0,0,0,0,0
39,192335,0,0,0,0,0
39,192365,0,0,0,0,0
39,192396,0,0,0,0,0
39,192428,0,0,0,0,0
39,192461,0,0,0,0,0
39,192495,0,0,0,0,0
39,192530,0,0,0,0,0
39,192566,0,0,0,0,0
39,192603,0,0,0,0,0
39,192641,0,0,0,0,0
39,192680,0,0,0,0,0
39,192720,0,0,0,0,0
39,192761,0,0,0,0,0
39,192803,0,0,0,0,0
39,192846,0,0,0,0,0
39,192890,0,0,0,0,0
39,192935,0,0,0,0,0
39,192981,0,0,0,0,0
39,193028,0,0,0,0,0
39,193076,0,0,0,0,0
39,193125,0,0,0,0,0
39,193175,0,0,0,0,0
39,193226,0,0,0,0,0
39,193278,0,0,0,0,0
39,193331,0,0,0,0,0
39,193385,0,0,0,0,0
39,193440,0,0,0,0,0
39,193496,0,0,0,0,0
39,193553,0,0,0,0,0
39,193611,0,0,0,0,0
39,193670,0,0,0,0,0
39,193730,0,0,0,0,0
39,193791,0,0,0,0,0
39,193853,0,0,0,0,0
39,193916,0,0,0,0,0
39,193980,0,0,0,0,0
39,194045,0,0,0,0,0
39,194111,0,0,0,0,0
39,194178,0,0,0,0,0
39,194246,0,0,0,0,0
39,194315,0,0,0,0,0
39,194385,0,0,0,0,0
39,194456,0,0,0,0,0
39,194528,0,0,0,0,0
39,194601,0,0,0,0,0
39,194675,0,0,0,0,0
39,194750,0,0,0,0,0
39,194826,0,0,0,0,0
39,194903,0,0,0,0,0
39,194981,0,0,0,0,0
39,195060,0,0,0,0,0
39,195140,0,0,0,0,0
39,195221,0,0,0,0,0
39,195303,0,0,0,0,0
39,195386,0,0,0,0,0
39,195470,0,0,0,0,0
39,195555,0,0,0,0,0
39,195641,0,0,0,0,0
39,195728,0,0,0,0,0
39,195816,0,0,0,0,0
39,195905,0,0,0,0,0
39,195995,0,0,0,0,0
39,196086,0,0,0,0,0
39,196178,0,0,0,0,0
39,196271,0,0,0,0,0
39,196365,0,0,0,0,0
39,196460,0,0,0,0,0
39,196556,0,0,0,0,0
39,196653,0,0,0,0,0
39,196751,0,0,0,0,0
39,196850,0,0,0,0,0
39,196950,0,0,0,0,0
40,196951,0,0,0,0,0
40,196953,0,0,0,0,0
40,196956,0,0,0,0,0
40,196960,0,0,0,0,0
40,196965,0,0,0,0,0
40,196971,0,0,0,0,0
40,196978,0,0,0,0,0
40,196986,0,0,0,0,0
40,196995,0,0,0,0,0
40,197005,0,0,0,0,0
40,197016,0,0,0,0,0
40,197028,0,0,0,0,0
40,197041,0,0,0,0,0
40,197055,0,0,0,0,0
40,197070,0,0,0,0,0
40,197086,0,0,0,0,0
40,197103,0,0,0,0,0
40,197121,0,0,0,0,0
40,197140,0,0,0,0,0
40,197160,0,0,0,0,0
40,197181,0,0,0,0,0
40,197203,0,0,0,0,0
40,197226,0,0,0,0,0
40,197250,0,0,0,0,0
40,197275,0,0,0,0,0
40,197301,0,0,0,0,0
40,197328,0,0,0,0,0
40,197356,0,0,0,0,0
40,197385,0,0,0,0,0
40,197415,0,0,0,0,0
40,197446,0,0,0,0,0
40,197478,0,0,0,0,0
40,197511,0,0,0,0,0
40,197545,0,0,0,0,0
40,197580,0,0,0,0,0
40,197616,0,0,0,0,0
40,197653,0,0,0,0,0
40,197691,0,0,0,0,0
40,197730,0,0,0,0,0
40,197770,0,0,0,0,0
40,197811,0,0,0,0,0
40,197853,0,0,0,0,0
40,197896,0,0,0,0,0
40,197940,0,0,0,0,0
40,197985,0,0,0,0,0
40,198031,0,0,0,0,0
40,198078,0,0,0,0,0
40,198126,0,0,0,0,0
40,198175,0,0,0,0,0
40,198225,0,0,0,0,0
40,198276,0,0,0,0,0
40,198328,0,0,0,0,0
40,198381,0,0,0,0,0
40,198435,0,0,0,0,0
40,198490,0,0,0,0,0
40,198546,0,0,0,0,0
40,198603,0,0,0,0,0
40,198661,0,0,0,0,0
40,198720,0,0,0,0,0
40,198780,0,0,0,0,0
40,198841,0,0,0,0,0
40,198903,0,0,0,0,0
40,198966,0,0,0,0,0
40,199030,0,0,0,0,0
40,199095,0,0,0,0,0
40,199161,0,0,0,0,0
40,199228,0,0,0,0,0
40,199296,0,0,0,0,0
40,199365,0,0,0,0,0
40,199435,0,0,0,0,0
40,199506,0,0,0,0,0
40,199578,0,0,0,0,0
40,199651,0,0,0,0,0
40,199725,0,0,0,0,0
40,199800,0,0,0,0,0
40,199876,0,0,0,0,0
40,199953,0,0,0,0,0
40,200031,0,0,0,0,0
40,200110,0,0,0,0,0
40,200190,0,0,0,0,0
40,200271,0,0,0,0,0
40,200353,0,0,0,0,0
40,200436,0,0,0,0,0
40,200520,0,0,0,0,0
40,200605,0,0,0,0,0
40,200691,0,0,0,0,0
40,200778,0,0,0,0,0
40,200866,0,0,0,0,0
40,200955,0,0,0,0,0
40,201045,0,0,0,0,0
40,201136,0,0,0,0,0
40,201228,0,0,0,0,0
40,201321,0,0,0,0,0
40,201415,0,0,0,0,0
40,201510,0,0,0,0,0
40,201606,0,0,0,0,0
40,201703,0,0,0,0,0
40,201801,0,0,0,0,0
40,201900,0,0,0,0,0
40,202000,0,0,0,0,0
41,202001,0,0,0,0,0
41,202003,0,0,0,0,0
41,202006,0,0,0,0,0
41,202010,0,0,0,0,0
41,202015,0,0,0,0,0
41,202021,0,0,0,0,0
41,202028,0,0,0,0,0
41,202036,0,0,0,0,0
41,202045,0,0,0,0,0
41,202055,0,0,0,0,0
41,202066,0,0,0,0,0
41,202078,0,0,0,0,0
41,202091,0,0,0,0,0
41,202105,0,0,0,0,0
41,202120,0,0,0,0,0
41,202136,0,0,0,0,0
41,202153,0,0,0,0,0
41,202171,0,0,0,0,0
41,202190,0,0,0,0,0
41,202210,0,0,0,0,0
41,202231,0,0,0,0,0
41,202253,0,0,0,0,0
41,202276,0,0,0,0,0
41,202300,0,0,0,0,0
41,202325,0,0,0,0,0
41,202351,0,0,0,0,0
41,202378,0,0,0,0,0
41,202406,0,0,0,0,0
41,202435,0,0,0,0,0
41,202465,0,0,0,0,0
41,202496,0,0,0,0,0
41,202528,0,0,0,0,0
41,202561,0,0,0,0,0
41,202595,0,0,0,0,0
41,202630,0,0,0,0,0
41,202666,0,0,0,0,0
41,202703,0,0,0,0,0
41,202741,0,0,0,0,0
41,202780,0,0,0,0,0
41,202820,0,0,0,0,0
41,202861,0,0,0,0,0
41,202903,0,0,0,0,0
41,202946,0,0,0,0,0
41,202990,0,0,0,0,0
41,203035,0,0,0,0,0
41,203081,0,0,0,0,0
41,203128,0,0,0,0,0
41,203176,0,0,0,0,0
41,203225,0,0,0,0,0
41,203275,0,0,0,0,0
41,203326,0,0,0,0,0
41,203378,0,0,0,0,0
41,203431,0,0,0,0,0
41,203485,0,0,0,0,0
41,203540,0,0,0,0,0
41,203596,0,0,0,0,0
41,203653,0,0,0,0,0
41,203711,0,0,0,0,0
41,203770,0,0,0,0,0
41,203830,0,0,0,0,0
41,203891,0,0,0,0,0
41,203953,0,0,0,0,0
41,204016,0,0,0,0,0
41,204080,0,0,0,0,0
41,204145,0,0,0,0,0
41,204211,0,0,0,0,0
41,204278,0,0,0,0,0
41,204346,0,0,0,0,0
41,204415,0,0,0,0,0
41,204485,0,0,0,0,0
41,204556,0,0,0,0,0
41,204628,0,0,0,0,0
41,204701,0,0,0,0,0
41,204775,0,0,0,0,0
41,204850,0,0,0,0,0
41,204926,0,0,0,0,0
41,205003,0,0,0,0,0
41,205081,0,0,0,0,0
41,205160,0,0,0,0,0
41,205240,0,0,0,0,0
41,205321,0,0,0,0,0
41,205403,0,0,0,0,0
41,205486,0,0,0,0,0
41,205570,0,0,0,0,0
41,205655,0,0,0,0,0
41,205741,0,0,0,0,0
41,205828,0,0,0,0,0
41,205916,0,0,0,0,0
41,206005,0,0,0,0,0
41,206095,0,0,0,0,0
41,206186,0,0,0,0,0
41,206278,0,0,0,0,0
41,206371,0,0,0,0,0
41,206465,0,0,0,0,0
41,206560,0,0,0,0,0
41,206656,0,0,0,0,0
41,206753,0,0,0,0,0
41,206851,0,0,0,0,0
41,206950,0,0,0,0,0
41,207050,0,0,0,0,0
42,207051,0,0,0,0,0
42,207053,0,0,0,0,0
42,207056,0,0,0,0,0
42,207060,0,0,0,0,0
42,207065,0,0,0,0,0
42,207071,0,0,0,0,0
42,207078,0,0,0,0,0
42,207086,0,0,0,0,0
42,207095,0,0,0,0,0
42,207105,0,0,0,0,0
42,207116,0,0,0,0,0
42,207128,0,0,0,0,0
42,207141,0,0,0,0,0
42,207155,0,0,0,0,0
42,207170,0,0,0,0,0
42,207186,0,0,0,0,0
42,207203,0,0,0,0,0
42,207221,0,0,0,0,0
42,207240,0,0,0,0,0
42,207260,0,0,0,0,0
42,207281,0,0,0,0,0
42,207303,0,0,0,0,0
42,207326,0,0,0,0,0
42,207350,0,0,0,0,0
42,207375,0,0,0,0,0
42,207401,0,0,0,0,0
42,207428,0,0,0,0,0
42,207456,0,0,0,0,0
42,207485,0,0,0,0,0
42,207515,0,0,0,0,0
42,207546,0,0,0,0,0
42,207578,0,0,0,0,0
42,207611,0,0,0,0,0
42,207645,0,0,0,0,0
42,207680,0,0,0,0,0
42,207716,0,0,0,0,0
42,207753,0,0,0,0,0
42,207791,0,0,0,0,0
42,207830,0,0,0,0,0
42,207870,0,0,0,0,0
42,207911,0,0,0,0,0
42,207953,0,0,0,0,0
42,207996,0,0,0,0,0
42,208040,0,0,0,0,0
42,208085,0,0,0,0,0
42,208131,0,0,0,0,0
42,208178,0,0,0,0,0
42,208226,0,0,0,0,0
42,208275,0,0,0,0,0
42,208325,0,0,0,0,0
42,208376,0,0,0,0,0
42,208428,0,0,0,0,0
42,208481,0,0,0,0,0
42,208535,0,0,0,0,0
42,208590,0,0,0,0,0
42,208646,0,0,0,0,0
42,208703,0,0,0,0,0
42,208761,0,0,0,0,0
42,208820,0,0,0,0,0
42,208880,0,0,0,0,0
42,208941,0,0,0,0,0
42,209003,0,0,0,0,0
42,209066,0,0,0,0,0
42,209130,0,0,0,0,0
42,209195,0,0,0,0,0
42,209261,0,0,0,0,0
42,209328,0,0,0,0,0
42,209396,0,0,0,0,0
42,209465,0,0,0,0,0
42,209535,0,0,0,0,0
42,209606,0,0,0,0,0
42,209678,0,0,0,0,0
42,209751,0,0,0,0,0
42,209825,0,0,0,0,0
42,209900,0,0,0,0,0
42,209976,0,0,0,0,0
42,210053,0,0,0,0,0
42,210131,0,0,0,0,0
42,210210,0,0,0,0,0
42,210290,0,0,0,0,0
42,210371,0,0,0,0,0
42,210453,0,0,0,0,0
42,210536,0,0,0,0,0
42,210620,0,0,0,0,0
42,210705,0,0,0,0,0
42,210791,0,0,0,0,0
42,210878,0,0,0,0,0
42,210966,0,0,0,0,0
42,211055,0,0,0,0,0
42,211145,0,0,0,0,0
42,211236,0,0,0,0,0
42,211328,0,0,0,0,0
42,211421,0,0,0,0,0
42,211515,0,0,0,0,0
42,211610,0,0,0,0,0
42,211706,0,0,0,0,0
42,211803,0,0,0,0,0
42,211901,0,0,0,0,0
42,212000,0,0,0,0,0
42,212100,0,0,0,0,0
43,212101,0,0,0,0,0
43,212103,0,0,0,0,0
43,212106,0,0,0,0,0
43,212110,0,0,0,0,0
43,212115,0,0,0,0,0
43,212121,0,0,0,0,0
43,212128,0,0,0,0,0
43,212136,0,0,0,0,0
43,212145,0,0,0,0,0
43,212155,0,0,0,0,0
43,212166,0,0,0,0,0
43,212178,0,0,0,0,0
43,212191,0,0,0,0,0
43,212205,0,0,0,0,0
43,212220,0,0,0,0,0
43,212236,0,0,0,0,0
43,212253,0,0,0,0,0
43,212271,0,0,0,0,0
43,212290,0,0,0,0,0
43,212310,0,0,0,0,0
43,212331,0,0,0,0,0
43,212353,0,0,0,0,0
43,212376,0,0,0,0,0
43,212400,0,0,0,0,0
43,212425,0,0,0,0,0
43,212451,0,0,0,0,0
43,212478,0,0,0,0,0
43,212506,0,0,0,0,0
43,212535,0,0,0,0,0
43,212565,0,0,0,0,0
43,212596,0,0,0,0,0
43,212628,0,0,0,0,0
43,212661,0,0,0,0,0
43,212695,0,0,0,0,0
43,212730,0,0,0,0,0
43,212766,0,0,0,0,0
43,212803,0,0,0,0,0
43,212841,0,0,0,0,0
43,212880,0,0,0,0,0
43,212920,0,0,0,0,0
43,212961,0,0,0,0,0
43,213003,0,0,0,0,0
43,213046,0,0,0,0,0
43,213090,0,0,0,0,0
43,213135,0,0,0,0,0
43,213181,0,0,0,0,0
43,213228,0,0,0,0,0
43,213276,0,0,0,0,0
43,213325,0,0,0,0,0
43,213375,0,0,0,0,0
43,213426,0,0,0,0,0
43,213478,0,0,0,0,0
43,213531,0,0,0,0,0
43,213585,0,0,0,0,0
43,213640,0,0,0,0,0
43,213696,0,0,0,0,0
43,213753,0,0,0,0,0
43,213811,0,0,0,0,0
43,213870,0,0,0,0,0
43,213930,0,0,0,0,0
43,213991,0,0,0,0,0
43,214053,0,0,0,0,0
43,214116,0,0,0,0,0
43,214180,0,0,0,0,0
43,214245,0,0,0,0,0
43,214311,0,0,0,0,0
43,214378,0,0,0,0,0
43,214446,0,0,0,0,0
43,214515,0,0,0,0,0
43,214585,0,0,0,0,0
43,214656,0,0,0,0,0
43,214728,0,0,0,0,0
43,214801,0,0,0,0,0
43,214875,0,0,0,0,0
43,214950,0,0,0,0,0
43,215026,0,0,0,0,0
43,215103,0,0,0,0,0
43,215181,0,0,0,0,0
43,215260,0,0,0,0,0
43,215340,0,0,0,0,0
43,215421,0,0,0,0,0
43,215503,0,0,0,0,0
43,215586,0,0,0,0,0
43,215670,0,0,0,0,0
43,215755,0,0,0,0,0
43,215841,0,0,0,0,0
43,215928,0,0,0,0,0
43,216016,0,0,0,0,0
43,216105,0,0,0,0,0
43,216195,0,0,0,0,0
43,216286,0,0,0,0,0
43,216378,0,0,0,0,0
43,216471,0,0,0,0,0
43,216565,0,0,0,0,0
43,216660,0,0,0,0,0
43,216756,0,0,0,0,0
43,216853,0,0,0,0,0
43,216951,0,0,0,0,0
43,217050,0,0,0,0,0
43,217150,0,0,0,0,0
44,217151,0,0,0,0,0
44,217153,0,0,0,0,0
44,217156,0,0,0,0,0
44,217160,0,0,0,0,0
44,217165,0,0,0,0,0
44,217171,0,0,0,0,0
44,217178,0,0,0,0,0
44,217186,0,0,0,0,0
44,217195,0,0,0,0,0
44,217205,0,0,0,0,0
44,217216,0,0,0,0,0
44,217228,0,0,0,0,0
44,217241,0,0,0,0,0
44,217255,0,0,0,0,0
44,217270,0,0,0,0,0
44,217286,0,0,0,0,0
44,217303,0,0,0,0,0
44,217321,0,0,0,0,0
44,217340,0,0,0,0,0
44,217360,0,0,0,0,0
44,217381,0,0,0,0,0
44,217403,0,0,0,0,0
44,217426,0,0,0,0,0
44,217450,0,0,0,0,0
44,217475,0,0,0,0,0
44,217501,0,0,0,0,0
44,217528,0,0,0,0,0
44,217556,0,0,0,0,0
44,217585,0,0,0,0,0
44,217615,0,0,0,0,0
44,217646,0,0,0,0,0
44,217678,0,0,0,0,0
44,217711,0,0,0,0,0
44,217745,0,0,0,0,0
44,217780,0,0,0,0,0
44,217816,0,0,0,0,0
44,217853,0,0,0,0,0
44,217891,0,0,0,0,0
44,217930,0,0,0,0,0
44,217970,0,0,0,0,0
44,218011,0,0,0,0,0
44,218053,0,0,0,0,0
44,218096,0,0,0,0,0
44,218140,0,0,0,0,0
44,218185,0,0,0,0,0
44,218231,0,0,0,0,0
44,218278,0,0,0,0,0
44,218326,0,0,0,0,0
44,218375,0,0,0,0,0
44,218425,0,0,0,0,0
44,218476,0,0,0,0,0
44,218528,0,0,0,0,0
44,218581,0,0,0,0,0
44,218635,0,0,0,0,0
44,218690,0,0,0,0,0
44,218746,0,0,0,0,0
44,218803,0,0,0,0,0
44,218861,0,0,0,0,0
44,218920,0,0,0,0,0
44,218980,0,0,0,0,0
44,219041,0,0,0,0,0
44,219103,0,0,0,0,0
44,219166,0,0,0,0,0
44,219230,0,0,0,0,0
44,219295,0,0,0,0,0
44,219361,0,0,0,0,0
44,219428,0,0,0,0,0
44,219496,0,0,0,0,0
44,219565,0,0,0,0,0
44,219635,0,0,0,0,0
44,219706,0,0,0,0,0
44,219778,0,0,0,0,0
44,219851,0,0,0,0,0
44,219925,0,0,0,0,0
44,220000,0,0,0,0,0
44,220076,0,0,0,0,0
44,220153,0,0,0,0,0
44,220231,0,0,0,0,0
44,220310,0,0,0,0,0
44,220390,0,0,0,0,0
44,220471,0,0,0,0,0
44,220553,0,0,0,0,0
44,220636,0,0,0,0,0
44,220720,0,0,0,0,0
44,220805,0,0,0,0,0
44,220891,0,0,0,0,0
44,220978,0,0,0,0,0
44,221066,0,0,0,0,0
44,221155,0,0,0,0,0
44,221245,0,0,0,0,0
44,221336,0,0,0,0,0
44,221428,0,0,0,0,0
44,221521,0,0,0,0,0
44,221615,0,0,0,0,0
44,221710,0,0,0,0,0
44,221806,0,0,0,0,0
44,221903,0,0,0,0,0
44,222001,0,0,0,0,0
44,222100,0,0,0,0,0
44,222200,0,0,0,0,0
45,222201,0,0,0,0,0
45,222203,0,0,0,0,0
45,222206,0,0,0,0,0
45,222210,0,0,0,0,0
45,222215,0,0,0,0,0
45,222221,0,0,0,0,0
45,222228,0,0,0,0,0
45,222236,0,0,0,0,0
45,222245,0,0,0,0,0
45,222255,0,0,0,0,0
45,222266,0,0,0,0,0
45,222278,0,0,0,0,0
45,222291,0,0,0,0,0
45,222305,0,0,0,0,0
45,222320,0,0,0,0,0
45,222336,0,0,0,0,0
45,222353,0,0,0,0,0
45,222371,0,0,0,0,0
45,222390,0,0,0,0,0
45,222410,0,0,0,0,0
45,222431,0,0,0,0,0
45,222453,0,0,0,0,0
45,222476,0,0,0,0,0
45,222500,0,0,0,0,0
45,222525,0,0,0,0,0
45,222551,0,0,0,0,0
45,222578,0,0,0,0,0
45,222606,0,0,0,0,0
45,222635,0,0,0,0,0
45,222665,0,0,0,0,0
45,222696,0,0,0,0,0
45,222728,0,0,0,0,0
45,222761,0,0,0,0,0
45,222795,0,0,0,0,0
45,222830,0,0,0,0,0
45,222866,0,0,0,0,0
45,222903,0,0,0,0,0
45,222941,0,0,0,0,0
45,222980,0,0,0,0,0
45,223020,0,0,0,0,0
45,223061,0,0,0,0,0
45,223103,0,0,0,0,0
45,223146,0,0,0,0,0
45,223190,0,0,0,0,0
45,223235,0,0,0,0,0
45,223281,0,0,0,0,0
45,223328,0,0,0,0,0
45,223376,0,0,0,0,0
45,223425,0,0,0,0,0
45,223475,0,0,0,0,0
45,223526,0,0,0,0,0
45,223578,0,0,0,0,0
45,223631,0,0,0,0,0
45,223685,0,0,0,0,0
45,223740,0,0,0,0,0
45,223796,0,0,0,0,0
45,223853,0,0,0,0,0
45,223911,0,0,0,0,0
45,223970,0,0,0,0,0
45,224030,0,0,0,0,0
45,224091,0,0,0,0,0
45,224153,0,0,0,0,0
45,224216,0,0,0,0,0
45,224280,0,0,0,0,0
45,224345,0,0,0,0,0
45,224411,0,0,0,0,0
45,224478,0,0,0,0,0
45,224546,0,0,0,0,0
45,224615,0,0,0,0,0
45,224685,0,0,0,0,0
45,224756,0,0,0,0,0
45,224828,0,0,0,0,0
45,224901,0,0,0,0,0
45,224975,0,0,0,0,0
45,225050,0,0,0,0,0
45,225126,0,0,0,0,0
45,225203,0,0,0,0,0
45,225281,0,0,0,0,0
45,225360,0,0,0,0,0
45,225440,0,0,0,0,0
45,225521,0,0,0,0,0
45,225603,0,0,0,0,0
45,225686,0,0,0,0,0
45,225770,0,0,0,0,0
45,225855,0,0,0,0,0
45,225941,0,0,0,0,0
45,226028,0,0,0,0,0
45,226116,0,0,0,0,0
45,226205,0,0,0,0,0
45,226295,0,0,0,0,0
45,226386,0,0,0,0,0
45,226478,0,0,0,0,0
45,226571,0,0,0,0,0
45,226665,0,0,0,0,0
45,226760,0,0,0,0,0
45,226856,0,0,0,0,0
45,226953,0,0,0,0,0
45,227051,0,0,0,0,0
45,227150,0,0,0,0,0
45,227250,0,0,0,0,0
46,227251,0,0,0,0,0
46,227253,0,0,0,0,0
46,227256,0,0,0,0,0
46,227260,0,0,0,0,0
46,227265,0,0,0,0,0
46,227271,0,0,0,0,0
46,227278,0,0,0,0,0
46,227286,0,0,0,0,0
46,227295,0,0,0,0,0
46,227305,0,0,0,0,0
46,227316,0,0,0,0,0
46,227328,0,0,0,0,0
46,227341,0,0,0,0,0
46,227355,0,0,0,0,0
46,227370,0,0,0,0,0
46,227386,0,0,0,0,0
46,227403,0,0,0,0,0
46,227421,0,0,0,0,0
46,227440,0,0,0,0,0
46,227460,0,0,0,0,0
46,227481,0,0,0,0,0
46,227503,0,0,0,0,0
46,227526,0,0,0,0,0
46,227550,0,0,0,0,0
46,227575,0,0,0,0,0
46,227601,0,0,0,0,0
46,227628,0,0,0,0,0
46,227656,0,0,0,0,0
46,227685,0,0,0,0,0
46,227715,0,0,0,0,0
46,227746,0,0,0,0,0
46,227778,0,0,0,0,0
46,227811,0,0,0,0,0
46,227845,0,0,0,0,0
46,227880,0,0,0,0,0
46,227916,0,0,0,0,0
46,227953,0,0,0,0,0
46,227991,0,0,0,0,0
46,228030,0,0,0,0,0
46,228070,0,0,0,0,0
46,228111,0,0,0,0,0
46,228153,0,0,0,0,0
46,228196,0,0,0,0,0
46,228240,0,0,0,0,0
46,228285,0,0,0,0,0
46,228331,0,0,0,0,0
46,228378,0,0,0,0,0
46,228426,0,0,0,0,0
46,228475,0,0,0,0,0
46,228525,0,0,0,0,0
46,228576,0,0,0,0,0
46,228628,0,0,0,0,0
46,228681,0,0,0,0,0
46,228735,0,0,0,0,0
46,228790,0,0,0,0,0
46,228846,0,0,0,0,0
46,228903,0,0,0,0,0
46,228961,0,0,0,0,0
46,229020,0,0,0,0,0
46,229080,0,0,0,0,0
46,229141,0,0,0,0,0
46,229203,0,0,0,0,0
46,229266,0,0,0,0,0
46,229330,0,0,0,0,0
46,229395,0,0,0,0,0
46,229461,0,0,0,0,0
46,229528,0,0,0,0,0
46,229596,0,0,0,0,0
46,229665,0,0,0,0,0
46,229735,0,0,0,0,0
46,229806,0,0,0,0,0
46,229878,0,0,0,0,0
46,229951,0,0,0,0,0
46,230025,0,0,0,0,0
46,230100,0,0,0,0,0
46,230176,0,0,0,0,0
46,230253,0,0,0,0,0
46,230331,0,0,0,0,0
46,230410,0,0,0,0,0
46,230490,0,0,0,0,0
46,230571,0,0,0,0,0
46,230653,0,0,0,0,0
46,230736,0,0,0,0,0
46,230820,0,0,0,0,0
46,230905,0,0,0,0,0
46,230991,0,0,0,0,0
46,231078,0,0,0,0,0
46,231166,0,0,0,0,0
46,231255,0,0,0,0,0
46,231345,0,0,0,0,0
46,231436,0,0,0,0,0
46,231528,0,0,0,0,0
46,231621,0,0,0,0,0
46,231715,0,0,0,0,0
46,231810,0,0,0,0,0
46,231906,0,0,0,0,0
46,232003,0,0,0,0,0
46,232101,0,0,0,0,0
46,232200,0,0,0,0,0
46,232300,0,0,0,0,0
47,232301,0,0,0,0,0
47,232303,0,0,0,0,0
47,232306,0,0,0,0,0
47,232310,0,0,0,0,0
47,232315,0,0,0,0,0
47,232321,0,0,0,0,0
47,232328,0,0,0,0,0
47,232336,0,0,0,0,0
47,232345,0,0,0,0,0
47,232355,0,0,0,0,0
47,232366,0,0,0,0,0
47,232378,0,0,0,0,0
47,232391,0,0,0,0,0
47,232405,0,0,0,0,0
47,232420,0,0,0,0,0
47,232436,0,0,0,0,0
47,232453,0,0,0,0,0
47,232471,0,0,0,0,0
47,232490,0,0,0,0,0
47,232510,0,0,0,0,0
47,232531,0,0,0,0,0
47,232553,0,0,0,0,0
47,232576,0,0,0,0,0
47,232600,0,0,0,0,0
47,232625,0,0,0,0,0
47,232651,0,0,0,0,0
47,232678,0,0,0,0,0
47,232706,0,0,0,0,0
47,232735,0,0,0,0,0
47,232765,0,0,0,0,0
47,232796,0,0,0,0,0
47,232828,0,0,0,0,0
47,232861,0,0,0,0,0
47,232895,0,0,0,0,0
47,232930,0,0,0,0,0
47,232966,0,0,0,0,0
47,233003,0,0,0,0,0
47,233041,0,0,0,0,0
47,233080,0,0,0,0,0
47,233120,0,0,0,0,0
47,233161,0,0,0,0,0
47,233203,0,0,0,0,0
47,233246,0,0,0,0,0
47,233290,0,0,0,0,0
47,233335,0,0,0,0,0
47,233381,0,0,0,0,0
47,233428,0,0,0,0,0
47,233476,0,0,0,0,0
47,233525,0,0,0,0,0
47,233575,0,0,0,0,0
47,233626,0,0,0,0,0
47,233678,0,0,0,0,0
47,233731,0,0,0,0,0
47,233785,0,0,0,0,0
47,233840,0,0,0,0,0
47,233896,0,0,0,0,0
47,233953,0,0,0,0,0
47,234011,0,0,0,0,0
47,234070,0,0,0,0,0
47,234130,0,0,0,0,0
47,234191,0,0,0,0,0
47,234253,0,0,0,0,0
47,234316,0,0,0,0,0
47,234380,0,0,0,0,0
47,234445,0,0,0,0,0
47,234511,0,0,0,0,0
47,234578,0,0,0,0,0
47,234646,0,0,0,0,0
47,234715,0,0,0,0,0
47,234785,0,0,0,0,0
47,234856,0,0,0,0,0
47,234928,0,0,0,0,0
47,235001,0,0,0,0,0
47,235075,0,0,0,0,0
47,235150,0,0,0,0,0
47,235226,0,0,0,0,0
47,235303,0,0,0,0,0
47,235381,0,0,0,0,0
47,235460,0,0,0,0,0
47,235540,0,0,0,0,0
47,235621,0,0,0,0,0
47,235703,0,0,0,0,0
47,235786,0,0,0,0,0
47,235870,0,0,0,0,0
47,235955,0,0,0,0,0
47,236041,0,0,0,0,0
47,236128,0,0,0,0,0
47,236216,0,0,0,0,0
47,236305,0,0,0,0,0
47,236395,0,0,0,0,0
47,236486,0,0,0,0,0
47,236578,0,0,0,0,0
47,236671,0,0,0,0,0
47,236765,0,0,0,0,0
